tf,ticker,entry,exit,pnl,status,rules,regime,sample
H4,SBER,2023-09-18 05:00:00,2023-09-18 09:00:00,-7064.62,LOSS,osc_bull_div_mac_break+osc_micro_w_entry,volatile,IS
H4,SBER,2023-10-11 09:00:00,2023-10-17 13:00:00,29146.2,WIN,osc_bull_div_mac_break,volatile,IS
H4,SBER,2023-12-15 13:00:00,2023-12-18 09:00:00,990.65,WIN,osc_bull_div_mac_break,trending,IS
H4,SBER,2023-12-18 09:00:00,2023-12-18 13:00:00,1409.15,WIN,osc_bull_div_mac_break,trending,IS
H4,SBER,2023-12-18 13:00:00,2023-12-18 17:00:00,-459.3,LOSS,osc_bull_div_mac_break,trending,IS
H4,SBER,2023-12-18 17:00:00,2023-12-19 09:00:00,-12225.29,LOSS,osc_bull_div_mac_break,trending,IS
H4,SBER,2023-12-19 13:00:00,2023-12-19 17:00:00,-302.93,LOSS,osc_bull_div_mac_break,trending,IS
H4,SBER,2023-12-19 17:00:00,2023-12-20 13:00:00,-2982.22,LOSS,osc_bull_div_mac_break,volatile,IS
H4,SBER,2023-12-27 05:00:00,2023-12-27 09:00:00,-2627.06,LOSS,osc_bull_div_mac_break,volatile,IS
H4,SBER,2023-12-27 09:00:00,2024-01-04 05:00:00,10765.74,WIN,osc_bull_div_mac_break,volatile,IS
H4,SBER,2024-12-18 13:00:00,2024-12-20 09:00:00,73388.36,TARGET,osc_bull_div_mac_break+osc_micro_w_entry+osc_stoch_bull_cross,ranging,IS
H4,SBER,2025-03-04 05:00:00,2025-03-04 17:00:00,6374.75,WIN,osc_bull_div_mac_break,trending,OOS
H4,SBER,2025-03-04 17:00:00,2025-03-05 01:00:00,-5781.86,LOSS,osc_bull_div_mac_break,trending,OOS
H4,SBER,2025-03-05 01:00:00,2025-03-05 05:00:00,5366.51,WIN,osc_bull_div_mac_break,trending,OOS
H4,SBER,2025-03-05 05:00:00,2025-03-05 09:00:00,-327.45,LOSS,osc_bull_div_mac_break,trending,OOS
H4,SBER,2025-03-05 09:00:00,2025-03-05 17:00:00,-10355.02,LOSS,osc_bull_div_mac_break,volatile,OOS
H4,SBER,2025-03-05 17:00:00,2025-03-06 01:00:00,6047.27,WIN,osc_bull_div_mac_break,volatile,OOS
H4,SBER,2025-03-06 01:00:00,2025-03-06 05:00:00,-1289.54,LOSS,osc_bull_div_mac_break,volatile,OOS
H4,SBER,2025-03-06 05:00:00,2025-03-06 09:00:00,-1529.3,LOSS,osc_bull_div_mac_break,volatile,OOS
H4,SBER,2025-04-09 17:00:00,2025-04-10 13:00:00,-11609.66,LOSS,osc_bull_div_mac_break+osc_micro_w_entry,trending,OOS
H4,SBER,2025-05-17 13:00:00,2025-05-19 01:00:00,3247.73,WIN,osc_bull_div_mac_break,trending,OOS
H4,SBER,2025-05-19 01:00:00,2025-05-19 05:00:00,-3092.44,LOSS,osc_bull_div_mac_break,volatile,OOS
H4,SBER,2025-05-19 05:00:00,2025-05-19 09:00:00,4212.81,WIN,osc_bull_div_mac_break,volatile,OOS
H4,SBER,2025-05-19 09:00:00,2025-05-19 13:00:00,-4160.47,LOSS,osc_bull_div_mac_break,volatile,OOS
H4,SBER,2025-08-01 01:00:00,2025-08-05 05:00:00,-1643.59,LOSS,osc_micro_w_entry+osc_stoch_bull_cross,trending,OOS
H4,SBER,2025-09-17 13:00:00,2025-09-18 05:00:00,-3761.0,LOSS,osc_micro_w_entry+osc_stoch_bull_cross,trending,OOS
H4,SBER,2025-10-09 17:00:00,2025-10-15 05:00:00,-25595.45,STOPPED,osc_bull_div_mac_break,volatile,OOS
H4,SBER,2025-10-30 05:00:00,2025-10-30 17:00:00,2603.71,WIN,osc_bull_div_mac_break,volatile,OOS
H4,SBER,2025-10-30 17:00:00,2025-10-31 01:00:00,5479.51,WIN,osc_bull_div_mac_break,volatile,OOS
H4,SBER,2025-10-31 01:00:00,2025-10-31 05:00:00,-13608.58,LOSS,osc_bull_div_mac_break,volatile,OOS
H4,SBER,2025-10-31 05:00:00,2025-10-31 09:00:00,-1886.97,LOSS,osc_bull_div_mac_break,volatile,OOS
H4,SBER,2025-10-31 09:00:00,2025-11-05 01:00:00,8591.38,WIN,osc_bull_div_mac_break,volatile,OOS
H4,SBER,2025-11-18 17:00:00,2025-11-19 01:00:00,6335.88,WIN,osc_bull_div_mac_break,trending,OOS
H4,SBER,2025-11-19 01:00:00,2025-11-19 17:00:00,11416.37,WIN,osc_bull_div_mac_break,trending,OOS
H4,SBER,2025-11-19 17:00:00,2025-11-20 01:00:00,5596.88,WIN,osc_bull_div_mac_break,trending,OOS
H4,SBER,2025-11-20 01:00:00,2025-11-20 05:00:00,-6987.84,LOSS,osc_bull_div_mac_break,trending,OOS
H4,SBER,2025-11-20 05:00:00,2025-11-20 09:00:00,-2664.34,LOSS,osc_bull_div_mac_break,trending,OOS
H4,SBER,2025-11-20 09:00:00,2025-11-21 09:00:00,6243.97,WIN,osc_bull_div_mac_break,trending,OOS
H4,SBER,2025-12-01 17:00:00,2025-12-02 01:00:00,-1422.43,LOSS,osc_bull_div_mac_break,ranging,OOS
H4,SBER,2026-01-19 17:00:00,2026-01-20 01:00:00,1938.75,WIN,osc_bull_div_mac_break,trending,OOS
H4,SBER,2026-01-20 01:00:00,2026-01-20 05:00:00,-4752.9,LOSS,osc_bull_div_mac_break,trending,OOS
H4,SBER,2026-01-20 05:00:00,2026-01-20 09:00:00,1105.27,WIN,osc_bull_div_mac_break,trending,OOS
H4,SBER,2026-01-20 09:00:00,2026-01-20 13:00:00,1277.3,WIN,osc_bull_div_mac_break,trending,OOS
H4,SBER,2026-01-20 13:00:00,2026-01-21 13:00:00,5324.24,WIN,osc_bull_div_mac_break,trending,OOS
H4,SBER,2026-03-05 09:00:00,2026-03-06 05:00:00,2402.14,WIN,osc_bull_div_mac_break+osc_stoch_bull_cross,trending,OOS
H4,SBER,2026-03-06 05:00:00,2026-03-06 09:00:00,-2464.85,LOSS,osc_bull_div_mac_break,trending,OOS
H4,SBER,2026-03-06 09:00:00,2026-03-09 13:00:00,3907.95,WIN,osc_bull_div_mac_break,trending,OOS
H4,SBER,2026-05-04 05:00:00,2026-05-05 05:00:00,-12421.49,STOPPED,osc_bull_div_mac_break,trending,OOS
H4,GAZP,2023-09-28 17:00:00,2023-09-29 09:00:00,-13149.38,LOSS,osc_bull_div_mac_break,trending,IS
H4,GAZP,2023-10-02 05:00:00,2023-10-03 05:00:00,-18604.1,STOPPED,osc_bull_div_mac_break,volatile,IS
H4,GAZP,2023-10-16 09:00:00,2023-10-17 09:00:00,-2199.5,LOSS,osc_bull_div_mac_break,trending,IS
H4,GAZP,2023-10-17 09:00:00,2023-10-17 13:00:00,1393.88,WIN,osc_bull_div_mac_break,trending,IS
H4,GAZP,2023-10-17 13:00:00,2023-10-17 17:00:00,-1748.03,LOSS,osc_bull_div_mac_break,trending,IS
H4,GAZP,2023-10-17 17:00:00,2023-10-18 05:00:00,103.08,WIN,osc_bull_div_mac_break,trending,IS
H4,GAZP,2023-10-18 05:00:00,2023-10-18 09:00:00,-4658.21,LOSS,osc_bull_div_mac_break,trending,IS
H4,GAZP,2023-10-31 13:00:00,2023-11-02 05:00:00,10596.01,WIN,osc_micro_w_entry+osc_stoch_bull_cross,trending,IS
H4,GAZP,2023-12-07 17:00:00,2023-12-12 05:00:00,-2248.1,LOSS,osc_bull_div_mac_break,trending,IS
H4,GAZP,2024-01-31 09:00:00,2024-02-01 09:00:00,1871.97,WIN,osc_bull_div_mac_break+osc_stoch_bull_cross,trending,IS
H4,GAZP,2024-02-01 09:00:00,2024-02-01 13:00:00,-1341.77,LOSS,osc_bull_div_mac_break,trending,IS
H4,GAZP,2024-02-01 13:00:00,2024-02-02 17:00:00,-7235.15,STOPPED,osc_bull_div_mac_break,trending,IS
H4,GAZP,2024-04-27 13:00:00,2024-05-02 09:00:00,-16592.85,STOPPED,osc_bull_div_mac_break+osc_micro_w_entry,ranging,IS
H4,GAZP,2024-08-13 09:00:00,2024-08-14 13:00:00,-3537.46,LOSS,osc_bull_div_mac_break,ranging,IS
H4,GAZP,2024-09-17 13:00:00,2024-09-18 09:00:00,-6536.27,LOSS,osc_bull_div_mac_break+osc_micro_w_entry,volatile,IS
H4,GAZP,2025-01-29 01:00:00,2025-01-29 09:00:00,-9780.05,LOSS,osc_bull_div_mac_break,ranging,OOS
H4,GAZP,2025-03-04 05:00:00,2025-03-05 01:00:00,-3173.27,LOSS,osc_bull_div_mac_break,ranging,OOS
H4,GAZP,2025-03-05 05:00:00,2025-03-05 09:00:00,-4107.52,LOSS,osc_bull_div_mac_break,ranging,OOS
H4,GAZP,2025-03-05 09:00:00,2025-03-12 13:00:00,-30021.37,STOPPED,osc_bull_div_mac_break,ranging,OOS
H4,GAZP,2025-04-01 01:00:00,2025-04-01 09:00:00,-38249.48,STOPPED,osc_micro_w_entry+osc_stoch_bull_cross,trending,OOS
H4,GAZP,2025-04-10 09:00:00,2025-04-10 13:00:00,-14787.82,LOSS,osc_bull_div_mac_break+osc_micro_w_entry,trending,OOS
H4,GAZP,2025-04-11 05:00:00,2025-04-13 05:00:00,29120.31,WIN,osc_bull_div_mac_break,volatile,OOS
H4,GAZP,2025-04-13 05:00:00,2025-04-13 09:00:00,2594.01,WIN,osc_bull_div_mac_break,trending,OOS
H4,GAZP,2025-04-13 09:00:00,2025-04-14 01:00:00,-5071.53,LOSS,osc_bull_div_mac_break,trending,OOS
H4,GAZP,2025-04-14 01:00:00,2025-04-14 05:00:00,-2914.99,LOSS,osc_bull_div_mac_break,volatile,OOS
H4,GAZP,2025-04-14 05:00:00,2025-04-14 09:00:00,-11261.48,LOSS,osc_bull_div_mac_break,volatile,OOS
H4,GAZP,2025-04-14 09:00:00,2025-04-17 17:00:00,23518.72,WIN,osc_bull_div_mac_break,volatile,OOS
H4,GAZP,2025-06-13 01:00:00,2025-06-15 05:00:00,3712.91,WIN,osc_micro_w_entry+osc_stoch_bull_cross,trending,OOS
H4,GAZP,2025-06-15 09:00:00,2025-06-18 05:00:00,4936.32,WIN,osc_bull_div_mac_break,trending,OOS
H4,GAZP,2025-07-18 17:00:00,2025-07-19 09:00:00,9236.65,WIN,osc_bull_div_mac_break,trending,OOS
H4,GAZP,2025-07-19 09:00:00,2025-07-19 13:00:00,285.77,WIN,osc_bull_div_mac_break,trending,OOS
H4,GAZP,2025-07-19 13:00:00,2025-07-20 05:00:00,2278.89,WIN,osc_bull_div_mac_break,trending,OOS
H4,GAZP,2025-07-20 05:00:00,2025-07-20 13:00:00,-2669.56,LOSS,osc_bull_div_mac_break,trending,OOS
H4,GAZP,2025-07-20 13:00:00,2025-07-21 01:00:00,491.05,WIN,osc_bull_div_mac_break,trending,OOS
H4,GAZP,2025-07-21 01:00:00,2025-07-21 05:00:00,-5822.45,LOSS,osc_bull_div_mac_break,trending,OOS
H4,GAZP,2025-07-21 05:00:00,2025-07-21 09:00:00,2343.56,WIN,osc_bull_div_mac_break,trending,OOS
H4,GAZP,2025-07-21 09:00:00,2025-07-21 13:00:00,-331.62,LOSS,osc_bull_div_mac_break,trending,OOS
H4,GAZP,2025-07-21 13:00:00,2025-07-21 17:00:00,2751.06,WIN,osc_bull_div_mac_break,trending,OOS
H4,GAZP,2025-08-04 09:00:00,2025-08-05 05:00:00,5029.01,WIN,osc_bull_div_mac_break,trending,OOS
H4,GAZP,2025-08-05 05:00:00,2025-08-05 09:00:00,4107.11,WIN,osc_bull_div_mac_break,trending,OOS
H4,GAZP,2025-08-05 09:00:00,2025-08-05 13:00:00,368.09,WIN,osc_bull_div_mac_break,trending,OOS
H4,GAZP,2025-08-05 13:00:00,2025-08-06 05:00:00,-2097.66,LOSS,osc_bull_div_mac_break,trending,OOS
H4,GAZP,2025-08-18 17:00:00,2025-08-20 09:00:00,-19929.14,STOPPED,osc_bull_div_mac_break+osc_micro_w_entry+osc_stoch_bull_cross,ranging,OOS
H4,GAZP,2025-10-10 05:00:00,2025-10-16 17:00:00,48590.06,TARGET,osc_bull_div_mac_break,trending,OOS
H4,GAZP,2025-11-18 05:00:00,2025-11-18 17:00:00,-9604.94,LOSS,osc_bull_div_mac_break+osc_micro_w_entry,volatile,OOS
H4,GAZP,2025-12-26 09:00:00,2025-12-27 13:00:00,7003.48,WIN,osc_bull_div_mac_break,trending,OOS
H4,GAZP,2025-12-27 13:00:00,2025-12-28 05:00:00,-2340.12,LOSS,osc_bull_div_mac_break,trending,OOS
H4,GAZP,2025-12-28 05:00:00,2025-12-28 09:00:00,938.79,WIN,osc_bull_div_mac_break,trending,OOS
H4,GAZP,2025-12-28 09:00:00,2025-12-29 01:00:00,-2621.67,LOSS,osc_bull_div_mac_break,trending,OOS
H4,GAZP,2025-12-29 01:00:00,2025-12-29 09:00:00,8764.29,WIN,osc_bull_div_mac_break,trending,OOS
H4,GAZP,2025-12-29 09:00:00,2025-12-29 13:00:00,-21322.31,STOPPED,osc_bull_div_mac_break,trending,OOS
H4,GAZP,2026-04-20 01:00:00,2026-04-24 09:00:00,-14287.81,STOPPED,osc_micro_w_entry+osc_stoch_bull_cross,ranging,OOS
H4,GAZP,2026-05-28 05:00:00,2026-05-29 01:00:00,-7329.02,LOSS,osc_micro_w_entry+osc_stoch_bull_cross,trending,OOS
H4,GAZP,2026-06-02 05:00:00,2026-06-03 05:00:00,5101.39,WIN,osc_bull_div_mac_break,volatile,OOS
H4,GAZP,2026-06-29 13:00:00,2026-06-30 05:00:00,-2055.96,LOSS,osc_bull_div_mac_break,trending,OOS
H4,LKOH,2024-01-09 17:00:00,2024-01-10 13:00:00,4379.18,WIN,osc_bull_div_mac_break,ranging,IS
H4,LKOH,2024-01-10 13:00:00,2024-01-10 17:00:00,-1236.54,LOSS,osc_bull_div_mac_break,volatile,IS
H4,LKOH,2024-01-10 17:00:00,2024-01-11 05:00:00,131.33,WIN,osc_bull_div_mac_break,trending,IS
H4,LKOH,2024-01-11 05:00:00,2024-01-11 09:00:00,-1452.33,LOSS,osc_bull_div_mac_break,trending,IS
H4,LKOH,2024-01-11 09:00:00,2024-01-12 17:00:00,1560.2,WIN,osc_bull_div_mac_break,trending,IS
H4,LKOH,2024-03-20 17:00:00,2024-03-21 13:00:00,-2375.4,LOSS,osc_bull_div_mac_break,volatile,IS
H4,LKOH,2024-03-21 13:00:00,2024-03-21 17:00:00,-1035.18,LOSS,osc_bull_div_mac_break,ranging,IS
H4,LKOH,2024-03-22 05:00:00,2024-03-22 09:00:00,-26954.27,STOPPED,osc_bull_div_mac_break+osc_micro_w_entry,ranging,IS
H4,LKOH,2024-03-25 09:00:00,2024-03-28 09:00:00,6650.22,WIN,osc_micro_w_entry+osc_stoch_bull_cross,volatile,IS
H4,LKOH,2024-06-25 13:00:00,2024-06-26 09:00:00,9763.33,WIN,osc_bull_div_mac_break,trending,IS
H4,LKOH,2024-09-16 05:00:00,2024-09-16 13:00:00,16973.15,WIN,osc_bull_div_mac_break,ranging,IS
H4,LKOH,2024-09-16 13:00:00,2024-09-17 05:00:00,1904.99,WIN,osc_bull_div_mac_break,ranging,IS
H4,LKOH,2024-09-17 05:00:00,2024-09-17 09:00:00,-5223.03,LOSS,osc_bull_div_mac_break,volatile,IS
H4,LKOH,2024-09-17 09:00:00,2024-09-17 13:00:00,11898.8,WIN,osc_bull_div_mac_break,volatile,IS
H4,LKOH,2024-09-17 13:00:00,2024-09-17 17:00:00,-7576.51,LOSS,osc_bull_div_mac_break+osc_micro_w_entry,volatile,IS
H4,LKOH,2024-09-17 17:00:00,2024-09-18 09:00:00,-8749.98,LOSS,osc_bull_div_mac_break,volatile,IS
H4,LKOH,2024-10-03 13:00:00,2024-10-04 13:00:00,9495.07,WIN,osc_bull_div_mac_break+osc_stoch_bull_cross,ranging,IS
H4,LKOH,2025-04-09 17:00:00,2025-04-10 09:00:00,-15772.98,LOSS,osc_micro_w_entry+osc_stoch_bull_cross,trending,OOS
H4,LKOH,2025-05-18 05:00:00,2025-05-19 05:00:00,-8321.88,LOSS,osc_bull_div_mac_break,ranging,OOS
H4,LKOH,2025-06-13 01:00:00,2025-06-15 05:00:00,18302.4,WIN,osc_micro_w_entry+osc_stoch_bull_cross,trending,OOS
H4,LKOH,2025-06-27 17:00:00,2025-06-28 13:00:00,-613.29,LOSS,osc_bull_div_mac_break,volatile,OOS
H4,LKOH,2025-06-30 09:00:00,2025-07-01 05:00:00,16.42,WIN,osc_bull_div_mac_break+osc_micro_w_entry,ranging,OOS
H4,LKOH,2025-07-14 17:00:00,2025-07-15 09:00:00,-1549.37,LOSS,osc_bull_div_mac_break,trending,OOS
H4,LKOH,2025-07-15 09:00:00,2025-07-15 13:00:00,-1215.09,LOSS,osc_bull_div_mac_break,trending,OOS
H4,LKOH,2025-07-15 13:00:00,2025-07-15 17:00:00,-1381.77,LOSS,osc_bull_div_mac_break,trending,OOS
H4,LKOH,2025-07-15 17:00:00,2025-07-17 09:00:00,8885.98,WIN,osc_bull_div_mac_break,trending,OOS
H4,LKOH,2025-08-30 05:00:00,2025-09-01 13:00:00,-9673.68,STOPPED,osc_bull_div_mac_break+osc_stoch_bull_cross,trending,OOS
H4,LKOH,2025-10-09 17:00:00,2025-10-10 09:00:00,-9446.52,LOSS,osc_bull_div_mac_break,trending,OOS
H4,LKOH,2026-01-21 17:00:00,2026-01-22 05:00:00,-926.48,LOSS,osc_micro_w_entry+osc_stoch_bull_cross,trending,OOS
H4,LKOH,2026-02-10 01:00:00,2026-02-10 09:00:00,-15060.91,STOPPED,osc_bull_div_mac_break+osc_micro_w_entry,trending,OOS
H4,LKOH,2026-03-18 17:00:00,2026-03-19 09:00:00,-2102.45,LOSS,osc_bull_div_mac_break,ranging,OOS
H4,LKOH,2026-03-19 09:00:00,2026-03-19 13:00:00,-1607.05,LOSS,osc_bull_div_mac_break,ranging,OOS
H4,LKOH,2026-03-19 13:00:00,2026-03-23 09:00:00,-17689.33,STOPPED,osc_bull_div_mac_break,ranging,OOS
H4,LKOH,2026-05-17 09:00:00,2026-05-19 09:00:00,12637.1,WIN,osc_micro_w_entry+osc_stoch_bull_cross,trending,OOS
H4,LKOH,2026-06-03 01:00:00,2026-06-03 05:00:00,-10771.19,LOSS,osc_bull_div_mac_break,trending,OOS
H4,LKOH,2026-06-26 17:00:00,2026-06-28 13:00:00,4984.38,WIN,osc_bull_div_mac_break,trending,OOS
H4,LKOH,2026-06-28 13:00:00,2026-06-29 01:00:00,-11352.3,LOSS,osc_bull_div_mac_break,trending,OOS
H4,LKOH,2026-06-29 05:00:00,2026-06-30 01:00:00,24083.72,WIN,osc_bull_div_mac_break,trending,OOS
H4,NVTK,2023-11-10 13:00:00,2023-11-14 09:00:00,-21292.12,STOPPED,osc_micro_w_entry+osc_stoch_bull_cross,trending,IS
H4,NVTK,2024-04-04 09:00:00,2024-04-05 09:00:00,-26587.82,STOPPED,osc_bull_div_mac_break,trending,IS
H4,NVTK,2024-04-15 09:00:00,2024-04-15 17:00:00,739.1,WIN,osc_bull_div_mac_break,ranging,IS
H4,NVTK,2024-04-15 17:00:00,2024-04-16 05:00:00,-1162.25,LOSS,osc_bull_div_mac_break,ranging,IS
H4,NVTK,2024-04-16 05:00:00,2024-04-17 09:00:00,-15046.82,STOPPED,osc_bull_div_mac_break,ranging,IS
H4,NVTK,2024-06-11 13:00:00,2024-06-13 09:00:00,-14260.2,LOSS,osc_bull_div_mac_break,trending,IS
H4,NVTK,2024-06-14 09:00:00,2024-06-17 05:00:00,924.86,WIN,osc_bull_div_mac_break+osc_micro_w_entry,trending,IS
H4,NVTK,2024-06-17 05:00:00,2024-06-17 09:00:00,-8339.13,LOSS,osc_bull_div_mac_break,trending,IS
H4,NVTK,2024-07-18 13:00:00,2024-07-19 09:00:00,18188.67,WIN,osc_bull_div_mac_break+osc_micro_w_entry,trending,IS
H4,NVTK,2024-09-16 05:00:00,2024-09-17 09:00:00,8078.53,WIN,osc_bull_div_mac_break+osc_stoch_bull_cross,ranging,IS
H4,NVTK,2024-09-17 09:00:00,2024-09-18 05:00:00,288.36,WIN,osc_bull_div_mac_break,ranging,IS
H4,NVTK,2024-09-18 05:00:00,2024-09-18 09:00:00,-660.83,LOSS,osc_bull_div_mac_break,ranging,IS
H4,NVTK,2024-09-18 09:00:00,2024-09-18 13:00:00,-660.71,LOSS,osc_bull_div_mac_break,ranging,IS
H4,NVTK,2024-09-18 13:00:00,2024-09-18 17:00:00,-2744.88,LOSS,osc_bull_div_mac_break,ranging,IS
H4,NVTK,2024-09-19 05:00:00,2024-09-19 09:00:00,-3648.55,LOSS,osc_bull_div_mac_break,ranging,IS
H4,NVTK,2024-11-02 09:00:00,2024-11-06 13:00:00,35599.6,WIN,osc_micro_w_entry+osc_stoch_bull_cross,trending,IS
H4,NVTK,2024-11-06 13:00:00,2024-11-06 17:00:00,2085.96,WIN,osc_bull_div_mac_break,trending,IS
H4,NVTK,2024-11-06 17:00:00,2024-11-07 09:00:00,6613.75,WIN,osc_bull_div_mac_break,trending,IS
H4,NVTK,2024-11-07 09:00:00,2024-11-11 05:00:00,50190.2,WIN,osc_bull_div_mac_break,trending,IS
H4,NVTK,2024-12-02 05:00:00,2024-12-02 13:00:00,-1514.37,LOSS,osc_bull_div_mac_break+osc_micro_w_entry,trending,IS
H4,NVTK,2024-12-02 13:00:00,2024-12-02 17:00:00,659.19,WIN,osc_bull_div_mac_break,volatile,IS
H4,NVTK,2024-12-02 17:00:00,2024-12-03 05:00:00,-19853.94,LOSS,osc_bull_div_mac_break,volatile,IS
H4,NVTK,2025-04-03 05:00:00,2025-04-04 09:00:00,-48245.43,STOPPED,osc_bull_div_mac_break,volatile,OOS
H4,NVTK,2025-05-07 09:00:00,2025-05-07 17:00:00,45.84,WIN,osc_bull_div_mac_break+osc_micro_w_entry,trending,OOS
H4,NVTK,2025-05-08 01:00:00,2025-05-08 13:00:00,-6366.54,LOSS,osc_bull_div_mac_break,trending,OOS
H4,NVTK,2025-05-08 17:00:00,2025-05-10 05:00:00,3138.35,WIN,osc_bull_div_mac_break,volatile,OOS
H4,NVTK,2025-05-10 05:00:00,2025-05-12 05:00:00,25104.88,WIN,osc_bull_div_mac_break,volatile,OOS
H4,NVTK,2025-06-13 01:00:00,2025-06-13 05:00:00,-4783.26,LOSS,osc_micro_w_entry+osc_stoch_bull_cross,trending,OOS
H4,NVTK,2025-06-14 13:00:00,2025-06-15 09:00:00,-3965.43,LOSS,osc_bull_div_mac_break,trending,OOS
H4,NVTK,2025-08-04 09:00:00,2025-08-05 05:00:00,12568.75,WIN,osc_bull_div_mac_break+osc_micro_w_entry,trending,OOS
H4,NVTK,2025-08-05 05:00:00,2025-08-05 09:00:00,4924.78,WIN,osc_bull_div_mac_break,trending,OOS
H4,NVTK,2025-08-05 09:00:00,2025-08-06 05:00:00,-294.1,LOSS,osc_bull_div_mac_break,trending,OOS
H4,NVTK,2025-09-16 01:00:00,2025-09-17 09:00:00,-131.22,WIN,osc_micro_w_entry+osc_stoch_bull_cross,trending,OOS
H4,NVTK,2025-12-26 05:00:00,2025-12-27 13:00:00,15010.43,WIN,osc_bull_div_mac_break+osc_micro_w_entry+osc_stoch_bull_cross,trending,OOS
H4,NVTK,2025-12-27 13:00:00,2025-12-28 05:00:00,-3292.67,LOSS,osc_bull_div_mac_break,trending,OOS
H4,NVTK,2025-12-28 05:00:00,2025-12-28 09:00:00,2028.99,WIN,osc_bull_div_mac_break,trending,OOS
H4,NVTK,2025-12-28 09:00:00,2025-12-28 13:00:00,6348.19,WIN,osc_bull_div_mac_break,trending,OOS
H4,NVTK,2025-12-28 13:00:00,2025-12-29 01:00:00,-4946.05,LOSS,osc_bull_div_mac_break,trending,OOS
H4,NVTK,2025-12-29 01:00:00,2025-12-29 13:00:00,-12412.42,STOPPED,osc_bull_div_mac_break,trending,OOS
H4,NVTK,2026-01-19 17:00:00,2026-01-21 09:00:00,36475.63,TARGET,osc_bull_div_mac_break,trending,OOS
H4,NVTK,2026-02-20 05:00:00,2026-02-21 13:00:00,4988.33,WIN,osc_bull_div_mac_break+osc_micro_w_entry,volatile,OOS
H4,NVTK,2026-03-19 01:00:00,2026-03-19 09:00:00,-5272.67,LOSS,osc_bull_div_mac_break,volatile,OOS
H4,NVTK,2026-03-19 09:00:00,2026-03-19 13:00:00,1206.88,WIN,osc_bull_div_mac_break,trending,OOS
H4,NVTK,2026-03-19 13:00:00,2026-03-19 17:00:00,-736.99,LOSS,osc_bull_div_mac_break,trending,OOS
H4,NVTK,2026-03-19 17:00:00,2026-03-20 01:00:00,4295.65,WIN,osc_bull_div_mac_break,trending,OOS
H4,NVTK,2026-03-20 01:00:00,2026-03-20 05:00:00,-8500.09,LOSS,osc_bull_div_mac_break,volatile,OOS
H4,NVTK,2026-03-20 05:00:00,2026-03-20 09:00:00,-14874.1,LOSS,osc_bull_div_mac_break,volatile,OOS
H4,NVTK,2026-03-20 17:00:00,2026-03-23 09:00:00,-15466.68,STOPPED,osc_bull_div_mac_break,volatile,OOS
H4,NVTK,2026-04-03 17:00:00,2026-04-06 05:00:00,2101.6,WIN,osc_micro_w_entry+osc_stoch_bull_cross,trending,OOS
H4,NVTK,2026-04-06 17:00:00,2026-04-07 17:00:00,4663.69,WIN,osc_bull_div_mac_break,volatile,OOS
H4,NVTK,2026-05-05 09:00:00,2026-05-06 05:00:00,-1486.71,LOSS,osc_bull_div_mac_break+osc_micro_w_entry+osc_stoch_bull_cross,trending,OOS
H4,NVTK,2026-05-06 05:00:00,2026-05-06 09:00:00,-1741.57,LOSS,osc_bull_div_mac_break,trending,OOS
H4,NVTK,2026-05-06 09:00:00,2026-05-06 13:00:00,-2588.84,LOSS,osc_bull_div_mac_break,trending,OOS
H4,NVTK,2026-05-28 01:00:00,2026-05-31 05:00:00,-2297.37,LOSS,osc_micro_w_entry+osc_stoch_bull_cross,trending,OOS
H4,NVTK,2026-06-26 09:00:00,2026-06-30 01:00:00,19084.28,WIN,osc_micro_w_entry+osc_stoch_bull_cross,trending,OOS
H4,ROSN,2023-09-15 13:00:00,2023-09-18 09:00:00,55.56,WIN,osc_bull_div_mac_break+osc_micro_w_entry,volatile,IS
H4,ROSN,2023-09-18 09:00:00,2023-09-18 13:00:00,-9537.5,LOSS,osc_bull_div_mac_break,ranging,IS
H4,ROSN,2023-10-30 05:00:00,2023-10-31 05:00:00,-21324.42,LOSS,osc_bull_div_mac_break,volatile,IS
H4,ROSN,2023-12-15 13:00:00,2023-12-18 13:00:00,9302.65,WIN,osc_bull_div_mac_break+osc_micro_w_entry,trending,IS
H4,ROSN,2024-02-01 05:00:00,2024-02-05 13:00:00,18236.27,WIN,osc_bull_div_mac_break+osc_stoch_bull_cross,ranging,IS
H4,ROSN,2024-08-07 09:00:00,2024-08-08 13:00:00,1084.34,WIN,osc_micro_w_entry+osc_stoch_bull_cross,trending,IS
H4,ROSN,2024-11-02 13:00:00,2024-11-05 09:00:00,9981.72,WIN,osc_bull_div_mac_break,trending,IS
H4,ROSN,2024-11-05 09:00:00,2024-11-05 13:00:00,3741.28,WIN,osc_bull_div_mac_break,trending,IS
H4,ROSN,2024-11-05 13:00:00,2024-11-05 17:00:00,-3033.11,LOSS,osc_bull_div_mac_break,trending,IS
H4,ROSN,2024-11-05 17:00:00,2024-11-06 09:00:00,12361.68,WIN,osc_bull_div_mac_break,trending,IS
H4,ROSN,2024-11-06 09:00:00,2024-11-06 13:00:00,785.43,WIN,osc_bull_div_mac_break,trending,IS
H4,ROSN,2024-11-06 13:00:00,2024-11-06 17:00:00,-196.41,WIN,osc_bull_div_mac_break,trending,IS
H4,ROSN,2024-11-06 17:00:00,2024-11-11 05:00:00,58645.99,TARGET,osc_bull_div_mac_break,trending,IS
H4,ROSN,2024-11-22 09:00:00,2024-11-26 09:00:00,-34591.52,STOPPED,osc_micro_w_entry+osc_stoch_bull_cross,trending,IS
H4,ROSN,2025-02-06 13:00:00,2025-02-07 09:00:00,3230.89,WIN,osc_bull_div_mac_break+osc_micro_w_entry,trending,OOS
H4,ROSN,2025-02-14 13:00:00,2025-02-24 09:00:00,-10307.67,STOPPED,osc_bull_div_mac_break,trending,OOS
H4,ROSN,2025-03-10 09:00:00,2025-03-13 09:00:00,-22128.4,STOPPED,osc_micro_w_entry+osc_stoch_bull_cross,trending,OOS
H4,ROSN,2025-03-16 05:00:00,2025-03-17 09:00:00,11063.32,WIN,osc_bull_div_mac_break+osc_micro_w_entry,volatile,OOS
H4,ROSN,2025-03-17 09:00:00,2025-03-17 13:00:00,829.54,WIN,osc_bull_div_mac_break,volatile,OOS
H4,ROSN,2025-03-17 13:00:00,2025-03-17 17:00:00,-1252.91,LOSS,osc_bull_div_mac_break,volatile,OOS
H4,ROSN,2025-03-17 17:00:00,2025-03-18 01:00:00,1868.9,WIN,osc_bull_div_mac_break,volatile,OOS
H4,ROSN,2025-03-18 01:00:00,2025-03-18 05:00:00,354.72,WIN,osc_bull_div_mac_break,volatile,OOS
H4,ROSN,2025-03-18 05:00:00,2025-03-18 09:00:00,-1439.67,LOSS,osc_bull_div_mac_break,volatile,OOS
H4,ROSN,2025-03-18 09:00:00,2025-03-18 13:00:00,-777.97,LOSS,osc_bull_div_mac_break,volatile,OOS
H4,ROSN,2025-03-18 13:00:00,2025-03-20 09:00:00,-18132.61,STOPPED,osc_bull_div_mac_break,volatile,OOS
H4,ROSN,2025-05-18 05:00:00,2025-05-19 05:00:00,-12711.88,LOSS,osc_bull_div_mac_break,trending,OOS
H4,ROSN,2025-07-14 13:00:00,2025-07-15 09:00:00,-7573.03,LOSS,osc_bull_div_mac_break,trending,OOS
H4,ROSN,2025-07-29 09:00:00,2025-07-30 13:00:00,-4368.54,STOPPED,osc_bull_div_mac_break+osc_stoch_bull_cross,ranging,OOS
H4,ROSN,2025-08-27 01:00:00,2025-08-28 01:00:00,2548.29,WIN,osc_bull_div_mac_break,ranging,OOS
H4,ROSN,2025-09-17 17:00:00,2025-09-19 05:00:00,-18578.07,STOPPED,osc_micro_w_entry+osc_stoch_bull_cross,trending,OOS
H4,ROSN,2025-10-06 13:00:00,2025-10-07 09:00:00,-4808.37,LOSS,osc_bull_div_mac_break,trending,OOS
H4,ROSN,2025-10-07 09:00:00,2025-10-08 09:00:00,-15464.54,STOPPED,osc_bull_div_mac_break,trending,OOS
H4,ROSN,2025-12-26 17:00:00,2025-12-28 05:00:00,-740.44,LOSS,osc_bull_div_mac_break+osc_micro_w_entry,ranging,OOS
H4,ROSN,2025-12-28 09:00:00,2025-12-28 13:00:00,3609.07,WIN,osc_bull_div_mac_break,ranging,OOS
H4,ROSN,2025-12-28 13:00:00,2025-12-29 09:00:00,13441.77,WIN,osc_bull_div_mac_break,ranging,OOS
H4,ROSN,2026-01-21 17:00:00,2026-01-22 13:00:00,5860.1,WIN,osc_bull_div_mac_break,volatile,OOS
H4,ROSN,2026-01-22 13:00:00,2026-01-23 17:00:00,2963.47,WIN,osc_bull_div_mac_break,volatile,OOS
H4,ROSN,2026-02-05 05:00:00,2026-02-05 09:00:00,-15492.17,STOPPED,osc_micro_w_entry+osc_stoch_bull_cross,ranging,OOS
H4,ROSN,2026-02-19 01:00:00,2026-02-19 13:00:00,6344.51,WIN,osc_bull_div_mac_break,volatile,OOS
H4,ROSN,2026-02-19 13:00:00,2026-02-19 17:00:00,-1972.12,LOSS,osc_bull_div_mac_break,volatile,OOS
H4,ROSN,2026-02-19 17:00:00,2026-02-20 13:00:00,3566.77,WIN,osc_bull_div_mac_break,volatile,OOS
H4,ROSN,2026-02-20 13:00:00,2026-02-20 17:00:00,-1007.8,LOSS,osc_bull_div_mac_break,volatile,OOS
H4,ROSN,2026-02-20 17:00:00,2026-02-21 05:00:00,1518.38,WIN,osc_bull_div_mac_break,volatile,OOS
H4,ROSN,2026-04-28 01:00:00,2026-04-28 17:00:00,-14226.65,STOPPED,osc_bull_div_mac_break,ranging,OOS
H4,ROSN,2026-05-18 13:00:00,2026-05-20 05:00:00,-18032.92,STOPPED,osc_bull_div_mac_break+osc_stoch_bull_cross,ranging,OOS
H4,ROSN,2026-05-30 13:00:00,2026-06-02 05:00:00,782.05,WIN,osc_micro_w_entry+osc_stoch_bull_cross,trending,OOS
H4,ROSN,2026-06-26 09:00:00,2026-06-29 01:00:00,-8790.69,LOSS,osc_bull_div_mac_break+osc_micro_w_entry,trending,OOS
H4,ROSN,2026-06-29 05:00:00,2026-06-30 05:00:00,20950.74,WIN,osc_bull_div_mac_break,trending,OOS
H4,TATN,2023-10-19 17:00:00,2023-10-24 05:00:00,-13401.67,LOSS,osc_bull_div_mac_break+osc_stoch_bull_cross,ranging,IS
H4,TATN,2023-12-08 13:00:00,2023-12-11 09:00:00,-6335.02,LOSS,osc_bull_div_mac_break,ranging,IS
H4,TATN,2024-03-26 09:00:00,2024-04-02 05:00:00,22072.21,WIN,osc_micro_w_entry+osc_stoch_bull_cross,trending,IS
H4,TATN,2024-04-02 05:00:00,2024-04-02 09:00:00,4650.64,WIN,osc_bull_div_mac_break,trending,IS
H4,TATN,2024-04-02 09:00:00,2024-04-02 13:00:00,-4259.66,LOSS,osc_bull_div_mac_break,trending,IS
H4,TATN,2024-04-02 13:00:00,2024-04-03 05:00:00,-3690.43,LOSS,osc_bull_div_mac_break,trending,IS
H4,TATN,2024-04-03 05:00:00,2024-04-03 09:00:00,-5098.38,LOSS,osc_bull_div_mac_break,trending,IS
H4,TATN,2024-04-03 13:00:00,2024-04-04 09:00:00,683.62,WIN,osc_bull_div_mac_break,volatile,IS
H4,TATN,2024-04-23 05:00:00,2024-05-06 05:00:00,-14930.87,LOSS,osc_bull_div_mac_break+osc_stoch_bull_cross,ranging,IS
H4,TATN,2024-11-02 09:00:00,2024-11-05 13:00:00,14959.92,WIN,osc_micro_w_entry+osc_stoch_bull_cross,trending,IS
H4,TATN,2025-03-04 05:00:00,2025-03-06 05:00:00,-31545.91,STOPPED,osc_micro_w_entry+osc_stoch_bull_cross,volatile,OOS
H4,TATN,2025-04-08 01:00:00,2025-04-08 13:00:00,-34784.77,LOSS,osc_bull_div_mac_break,trending,OOS
H4,TATN,2025-05-18 05:00:00,2025-05-19 01:00:00,-8062.92,LOSS,osc_bull_div_mac_break,ranging,OOS
H4,TATN,2025-06-13 01:00:00,2025-06-15 05:00:00,32858.29,WIN,osc_micro_w_entry+osc_stoch_bull_cross,trending,OOS
H4,TATN,2025-06-15 05:00:00,2025-06-15 09:00:00,5473.76,WIN,osc_bull_div_mac_break,trending,OOS
H4,TATN,2025-06-15 09:00:00,2025-06-15 13:00:00,-2733.51,LOSS,osc_bull_div_mac_break,trending,OOS
H4,TATN,2025-06-15 13:00:00,2025-06-16 01:00:00,-5895.73,LOSS,osc_bull_div_mac_break,volatile,OOS
H4,TATN,2025-07-14 13:00:00,2025-07-15 09:00:00,-6273.68,LOSS,osc_bull_div_mac_break+osc_micro_w_entry+osc_stoch_bull_cross,trending,OOS
H4,TATN,2025-08-04 01:00:00,2025-08-04 09:00:00,-999.23,LOSS,osc_bull_div_mac_break+osc_micro_w_entry,trending,OOS
H4,TATN,2025-08-04 09:00:00,2025-08-04 13:00:00,1010.08,WIN,osc_bull_div_mac_break,trending,OOS
H4,TATN,2025-08-04 13:00:00,2025-08-05 05:00:00,7029.98,WIN,osc_bull_div_mac_break,trending,OOS
H4,TATN,2025-08-05 05:00:00,2025-08-05 09:00:00,2295.41,WIN,osc_bull_div_mac_break,trending,OOS
H4,TATN,2025-08-05 09:00:00,2025-08-06 05:00:00,1863.56,WIN,osc_bull_div_mac_break,trending,OOS
H4,TATN,2025-08-06 05:00:00,2025-08-06 09:00:00,-1859.17,LOSS,osc_bull_div_mac_break,trending,OOS
H4,TATN,2025-08-06 09:00:00,2025-08-06 17:00:00,39199.98,TARGET,osc_bull_div_mac_break,trending,OOS
H4,TATN,2025-08-06 17:00:00,2025-08-08 01:00:00,14858.04,WIN,osc_bull_div_mac_break,trending,OOS
H4,TATN,2025-09-05 01:00:00,2025-09-05 13:00:00,8057.76,WIN,osc_bull_div_mac_break,ranging,OOS
H4,TATN,2025-09-24 13:00:00,2025-09-25 13:00:00,979.87,WIN,osc_bull_div_mac_break,trending,OOS
H4,TATN,2025-09-25 13:00:00,2025-09-25 17:00:00,-3185.08,LOSS,osc_bull_div_mac_break,trending,OOS
H4,TATN,2025-09-26 05:00:00,2025-09-27 09:00:00,24588.87,WIN,osc_bull_div_mac_break,volatile,OOS
H4,TATN,2025-10-09 17:00:00,2025-10-10 05:00:00,-8258.48,LOSS,osc_bull_div_mac_break,trending,OOS
H4,TATN,2025-10-10 05:00:00,2025-10-10 09:00:00,-14675.09,LOSS,osc_bull_div_mac_break,trending,OOS
H4,TATN,2025-11-18 05:00:00,2025-11-19 05:00:00,-10735.41,LOSS,osc_bull_div_mac_break+osc_micro_w_entry+osc_stoch_bull_cross,volatile,OOS
H4,TATN,2025-11-19 05:00:00,2025-11-19 13:00:00,76410.04,TARGET,osc_bull_div_mac_break,trending,OOS
H4,TATN,2025-11-19 13:00:00,2025-11-20 05:00:00,-12686.26,LOSS,osc_bull_div_mac_break,trending,OOS
H4,TATN,2026-01-15 17:00:00,2026-01-16 01:00:00,-1441.14,LOSS,osc_bull_div_mac_break+osc_micro_w_entry,volatile,OOS
H4,TATN,2026-02-04 05:00:00,2026-02-05 09:00:00,-29747.8,STOPPED,osc_bull_div_mac_break+osc_stoch_bull_cross,ranging,OOS
H4,TATN,2026-04-09 01:00:00,2026-04-10 09:00:00,-29885.81,STOPPED,osc_micro_w_entry+osc_stoch_bull_cross,trending,OOS
H4,TATN,2026-06-03 01:00:00,2026-06-03 13:00:00,-5639.56,LOSS,osc_bull_div_mac_break,ranging,OOS
H4,TATN,2026-06-04 01:00:00,2026-06-08 13:00:00,-27225.79,STOPPED,osc_bull_div_mac_break,ranging,OOS
H4,TATN,2026-06-19 05:00:00,2026-06-22 09:00:00,-35799.26,STOPPED,osc_micro_w_entry+osc_stoch_bull_cross,trending,OOS
H4,TATN,2026-06-26 09:00:00,2026-06-29 01:00:00,-11396.49,LOSS,osc_micro_w_entry+osc_stoch_bull_cross,trending,OOS
H4,TATN,2026-07-07 17:00:00,2026-07-08 09:00:00,20404.57,WIN,osc_bull_div_mac_break,trending,OOS
H4,TATN,2026-07-08 09:00:00,2026-07-08 13:00:00,25296.18,WIN,osc_bull_div_mac_break,trending,OOS
H4,TATN,2026-07-08 13:00:00,2026-07-09 05:00:00,-283.87,LOSS,osc_bull_div_mac_break,trending,OOS
H4,TATN,2026-07-09 05:00:00,2026-07-09 09:00:00,-10311.12,LOSS,osc_bull_div_mac_break,trending,OOS
H4,TATN,2026-07-09 09:00:00,2026-07-09 13:00:00,-35643.76,LOSS,osc_bull_div_mac_break,trending,OOS
H4,MGNT,2023-08-03 17:00:00,2023-08-04 13:00:00,-35463.14,STOPPED,osc_bull_div_mac_break,ranging,IS
H4,MGNT,2023-09-14 13:00:00,2023-09-18 05:00:00,-5896.23,LOSS,osc_bull_div_mac_break+osc_stoch_bull_cross,trending,IS
H4,MGNT,2024-07-01 09:00:00,2024-07-02 05:00:00,5698.63,WIN,osc_bull_div_mac_break,trending,IS
H4,MGNT,2024-07-02 05:00:00,2024-07-02 09:00:00,515.39,WIN,osc_bull_div_mac_break,trending,IS
H4,MGNT,2024-07-02 09:00:00,2024-07-03 05:00:00,296.21,WIN,osc_bull_div_mac_break,trending,IS
H4,MGNT,2024-07-03 05:00:00,2024-07-03 09:00:00,-5104.34,LOSS,osc_bull_div_mac_break,trending,IS
H4,MGNT,2024-07-03 09:00:00,2024-07-03 13:00:00,808.33,WIN,osc_bull_div_mac_break,trending,IS
H4,MGNT,2024-07-03 13:00:00,2024-07-04 13:00:00,-13422.73,LOSS,osc_bull_div_mac_break,trending,IS
H4,MGNT,2024-10-16 05:00:00,2024-10-16 09:00:00,-8507.71,LOSS,osc_bull_div_mac_break,trending,IS
H4,MGNT,2024-11-29 05:00:00,2024-12-02 09:00:00,39462.84,WIN,osc_bull_div_mac_break+osc_micro_w_entry,trending,IS
H4,MGNT,2024-12-02 09:00:00,2024-12-02 13:00:00,1492.93,WIN,osc_bull_div_mac_break,trending,IS
H4,MGNT,2024-12-02 13:00:00,2024-12-02 17:00:00,-1761.63,LOSS,osc_bull_div_mac_break,trending,IS
H4,MGNT,2024-12-02 17:00:00,2024-12-03 05:00:00,-7219.55,LOSS,osc_bull_div_mac_break,trending,IS
H4,MGNT,2024-12-03 05:00:00,2024-12-03 09:00:00,-4068.41,LOSS,osc_bull_div_mac_break,trending,IS
H4,MGNT,2024-12-03 09:00:00,2024-12-03 13:00:00,-3647.41,LOSS,osc_bull_div_mac_break,trending,IS
H4,MGNT,2024-12-03 13:00:00,2024-12-03 17:00:00,-812.25,LOSS,osc_bull_div_mac_break,trending,IS
H4,MGNT,2024-12-03 17:00:00,2024-12-04 05:00:00,3911.49,WIN,osc_bull_div_mac_break,trending,IS
H4,MGNT,2024-12-04 05:00:00,2024-12-04 09:00:00,-12718.9,LOSS,osc_bull_div_mac_break,trending,IS
H4,MGNT,2024-12-18 13:00:00,2024-12-19 13:00:00,-5369.75,LOSS,osc_bull_div_mac_break+osc_micro_w_entry+osc_stoch_bull_cross,volatile,IS
H4,MGNT,2024-12-20 09:00:00,2024-12-23 09:00:00,27010.22,WIN,osc_bull_div_mac_break,trending,IS
H4,MGNT,2025-01-31 01:00:00,2025-01-31 05:00:00,-1930.28,LOSS,osc_bull_div_mac_break,ranging,OOS
H4,MGNT,2025-01-31 05:00:00,2025-02-03 09:00:00,-18949.26,LOSS,osc_bull_div_mac_break,ranging,OOS
H4,MGNT,2025-04-01 09:00:00,2025-04-02 05:00:00,19678.68,WIN,osc_bull_div_mac_break,trending,OOS
H4,MGNT,2025-04-02 05:00:00,2025-04-02 09:00:00,21440.16,WIN,osc_bull_div_mac_break,trending,OOS
H4,MGNT,2025-04-02 09:00:00,2025-04-02 13:00:00,-5598.25,LOSS,osc_bull_div_mac_break,trending,OOS
H4,MGNT,2025-04-02 13:00:00,2025-04-02 17:00:00,4072.44,WIN,osc_bull_div_mac_break,trending,OOS
H4,MGNT,2025-04-02 17:00:00,2025-04-03 05:00:00,-7573.37,LOSS,osc_bull_div_mac_break,trending,OOS
H4,MGNT,2025-04-03 05:00:00,2025-04-03 09:00:00,-4452.13,LOSS,osc_bull_div_mac_break,trending,OOS
H4,MGNT,2025-04-03 09:00:00,2025-04-04 13:00:00,-57786.87,STOPPED,osc_bull_div_mac_break,trending,OOS
H4,MGNT,2025-04-08 09:00:00,2025-04-09 05:00:00,-31117.79,LOSS,osc_bull_div_mac_break+osc_micro_w_entry,ranging,OOS
H4,MGNT,2025-04-09 17:00:00,2025-04-10 13:00:00,5939.46,WIN,osc_bull_div_mac_break,ranging,OOS
H4,MGNT,2025-04-10 13:00:00,2025-04-11 09:00:00,4964.03,WIN,osc_bull_div_mac_break,ranging,OOS
H4,MGNT,2025-04-11 09:00:00,2025-04-11 13:00:00,-365.43,LOSS,osc_bull_div_mac_break,ranging,OOS
H4,MGNT,2025-04-11 13:00:00,2025-04-11 17:00:00,-2704.7,LOSS,osc_bull_div_mac_break,ranging,OOS
H4,MGNT,2025-04-11 17:00:00,2025-04-12 13:00:00,5970.93,WIN,osc_bull_div_mac_break,ranging,OOS
H4,MGNT,2025-04-17 01:00:00,2025-04-23 05:00:00,-5657.28,LOSS,osc_bull_div_mac_break,ranging,OOS
H4,MGNT,2025-06-26 05:00:00,2025-06-26 09:00:00,-6919.34,LOSS,osc_bull_div_mac_break+osc_micro_w_entry,trending,OOS
H4,MGNT,2025-07-14 13:00:00,2025-07-15 13:00:00,6411.43,WIN,osc_bull_div_mac_break+osc_stoch_bull_cross,trending,OOS
H4,MGNT,2025-07-15 13:00:00,2025-07-15 17:00:00,-1400.23,LOSS,osc_bull_div_mac_break,trending,OOS
H4,MGNT,2025-07-15 17:00:00,2025-07-16 01:00:00,2630.91,WIN,osc_bull_div_mac_break,trending,OOS
H4,MGNT,2025-07-16 01:00:00,2025-07-16 05:00:00,866.57,WIN,osc_bull_div_mac_break,trending,OOS
H4,MGNT,2025-07-16 05:00:00,2025-07-17 09:00:00,7512.29,WIN,osc_bull_div_mac_break,trending,OOS
H4,MGNT,2025-07-17 09:00:00,2025-07-21 05:00:00,23067.29,WIN,osc_bull_div_mac_break,trending,OOS
H4,MGNT,2025-07-28 05:00:00,2025-07-28 13:00:00,-29648.94,STOPPED,osc_bull_div_mac_break,trending,OOS
H4,MGNT,2025-08-04 09:00:00,2025-08-05 09:00:00,4836.63,WIN,osc_micro_w_entry+osc_stoch_bull_cross,trending,OOS
H4,MGNT,2025-08-05 17:00:00,2025-08-06 13:00:00,-3119.06,LOSS,osc_bull_div_mac_break,ranging,OOS
H4,MGNT,2025-09-09 05:00:00,2025-09-10 05:00:00,-9084.98,LOSS,osc_bull_div_mac_break+osc_micro_w_entry,volatile,OOS
H4,MGNT,2025-10-07 05:00:00,2025-10-07 17:00:00,596.41,WIN,osc_bull_div_mac_break,ranging,OOS
H4,MGNT,2025-10-07 17:00:00,2025-10-08 09:00:00,-15901.39,LOSS,osc_bull_div_mac_break,ranging,OOS
H4,MGNT,2025-11-19 01:00:00,2025-11-19 17:00:00,3212.3,WIN,osc_bull_div_mac_break,trending,OOS
H4,MGNT,2025-11-19 17:00:00,2025-11-20 01:00:00,5022.71,WIN,osc_bull_div_mac_break,volatile,OOS
H4,MGNT,2025-11-20 01:00:00,2025-11-20 05:00:00,6681.63,WIN,osc_bull_div_mac_break,volatile,OOS
H4,MGNT,2025-11-20 05:00:00,2025-11-20 17:00:00,7132.41,WIN,osc_bull_div_mac_break,volatile,OOS
H4,MGNT,2025-11-20 17:00:00,2025-11-21 01:00:00,2292.02,WIN,osc_bull_div_mac_break,volatile,OOS
H4,MGNT,2025-11-21 01:00:00,2025-11-21 05:00:00,-10196.5,LOSS,osc_bull_div_mac_break,volatile,OOS
H4,MGNT,2025-11-21 05:00:00,2025-11-26 05:00:00,13277.44,WIN,osc_bull_div_mac_break,volatile,OOS
H4,MGNT,2026-01-09 05:00:00,2026-01-13 09:00:00,9479.68,WIN,osc_micro_w_entry+osc_stoch_bull_cross,trending,OOS
H4,MGNT,2026-03-10 09:00:00,2026-03-10 13:00:00,-15859.5,LOSS,osc_bull_div_mac_break,ranging,OOS
H4,MGNT,2026-03-17 05:00:00,2026-03-17 17:00:00,-2168.79,LOSS,osc_bull_div_mac_break,ranging,OOS
H4,MGNT,2026-03-17 17:00:00,2026-03-23 05:00:00,-22018.26,STOPPED,osc_bull_div_mac_break,ranging,OOS
H4,MGNT,2026-04-01 05:00:00,2026-04-02 09:00:00,-13744.11,STOPPED,osc_micro_w_entry+osc_stoch_bull_cross,trending,OOS
H4,MGNT,2026-05-18 17:00:00,2026-05-19 09:00:00,-6881.74,LOSS,osc_bull_div_mac_break,trending,OOS
H4,MOEX,2023-09-12 05:00:00,2023-09-13 13:00:00,-4706.42,LOSS,osc_bull_div_mac_break+osc_stoch_bull_cross,volatile,IS
H4,MOEX,2023-12-15 09:00:00,2023-12-18 17:00:00,34799.61,WIN,osc_bull_div_mac_break,trending,IS
H4,MOEX,2023-12-18 17:00:00,2023-12-19 05:00:00,8103.63,WIN,osc_bull_div_mac_break,trending,IS
H4,MOEX,2023-12-19 05:00:00,2023-12-19 09:00:00,-19313.5,LOSS,osc_bull_div_mac_break,trending,IS
H4,MOEX,2023-12-19 09:00:00,2023-12-19 13:00:00,1527.69,WIN,osc_bull_div_mac_break,trending,IS
H4,MOEX,2023-12-19 13:00:00,2023-12-21 09:00:00,-35568.73,STOPPED,osc_bull_div_mac_break,trending,IS
H4,MOEX,2024-02-07 17:00:00,2024-02-08 13:00:00,-21425.82,STOPPED,osc_bull_div_mac_break,trending,IS
H4,MOEX,2024-02-26 05:00:00,2024-02-27 17:00:00,20944.95,WIN,osc_micro_w_entry+osc_stoch_bull_cross,trending,IS
H4,MOEX,2024-05-28 17:00:00,2024-05-30 09:00:00,21735.34,WIN,osc_bull_div_mac_break,trending,IS
H4,MOEX,2024-05-30 09:00:00,2024-05-30 13:00:00,-5867.16,LOSS,osc_bull_div_mac_break,volatile,IS
H4,MOEX,2024-05-30 13:00:00,2024-05-30 17:00:00,1459.5,WIN,osc_bull_div_mac_break,volatile,IS
H4,MOEX,2024-05-30 17:00:00,2024-05-31 05:00:00,-3120.05,LOSS,osc_bull_div_mac_break,volatile,IS
H4,MOEX,2024-05-31 05:00:00,2024-05-31 13:00:00,-18679.9,STOPPED,osc_bull_div_mac_break,ranging,IS
H4,MOEX,2024-06-03 05:00:00,2024-06-05 09:00:00,14022.22,WIN,osc_bull_div_mac_break,volatile,IS
H4,MOEX,2025-04-02 09:00:00,2025-04-03 09:00:00,-15844.22,STOPPED,osc_bull_div_mac_break+osc_stoch_bull_cross,trending,OOS
H4,MOEX,2025-04-10 01:00:00,2025-04-10 05:00:00,-26591.3,LOSS,osc_bull_div_mac_break,volatile,OOS
H4,MOEX,2025-04-16 17:00:00,2025-04-17 13:00:00,-4177.24,LOSS,osc_bull_div_mac_break,ranging,OOS
H4,MOEX,2025-04-17 17:00:00,2025-04-22 09:00:00,31649.29,WIN,osc_bull_div_mac_break,ranging,OOS
H4,MOEX,2025-05-27 05:00:00,2025-05-29 01:00:00,14469.03,WIN,osc_micro_w_entry+osc_stoch_bull_cross,trending,OOS
H4,MOEX,2025-06-18 09:00:00,2025-06-19 09:00:00,-9604.91,STOPPED,osc_bull_div_mac_break+osc_micro_w_entry,ranging,OOS
H4,MOEX,2025-06-19 13:00:00,2025-06-20 09:00:00,-344.4,LOSS,osc_bull_div_mac_break,ranging,OOS
H4,MOEX,2025-07-19 05:00:00,2025-07-19 13:00:00,2083.17,WIN,osc_bull_div_mac_break,trending,OOS
H4,MOEX,2025-07-19 13:00:00,2025-07-20 05:00:00,4068.99,WIN,osc_bull_div_mac_break,trending,OOS
H4,MOEX,2025-07-20 05:00:00,2025-07-21 05:00:00,-1233.09,LOSS,osc_bull_div_mac_break,trending,OOS
H4,MOEX,2025-07-21 05:00:00,2025-07-21 09:00:00,2132.83,WIN,osc_bull_div_mac_break,trending,OOS
H4,MOEX,2025-07-21 09:00:00,2025-07-21 13:00:00,-3051.6,LOSS,osc_bull_div_mac_break,volatile,OOS
H4,MOEX,2025-09-19 05:00:00,2025-09-22 05:00:00,-15304.08,STOPPED,osc_micro_w_entry+osc_stoch_bull_cross,volatile,OOS
H4,MOEX,2025-10-16 13:00:00,2025-10-16 17:00:00,54454.4,TARGET,osc_bull_div_mac_break+osc_micro_w_entry,trending,OOS
H4,MOEX,2026-02-11 09:00:00,2026-02-11 17:00:00,-7289.52,LOSS,osc_bull_div_mac_break,trending,OOS
H4,MOEX,2026-02-12 09:00:00,2026-02-13 01:00:00,-2697.55,LOSS,osc_bull_div_mac_break+osc_micro_w_entry,trending,OOS
H4,MOEX,2026-02-13 01:00:00,2026-02-13 05:00:00,-1192.74,LOSS,osc_bull_div_mac_break,volatile,OOS
H4,MOEX,2026-02-13 09:00:00,2026-02-16 09:00:00,-2171.64,LOSS,osc_bull_div_mac_break,volatile,OOS
H4,MOEX,2026-04-06 05:00:00,2026-04-07 05:00:00,6427.45,WIN,osc_bull_div_mac_break+osc_micro_w_entry,trending,OOS
H4,MOEX,2026-06-26 09:00:00,2026-06-29 09:00:00,430.86,WIN,osc_micro_w_entry+osc_stoch_bull_cross,trending,OOS
H4,PLZL,2023-08-28 05:00:00,2023-08-29 05:00:00,5761.24,WIN,osc_bull_div_mac_break+osc_micro_w_entry,ranging,IS
H4,PLZL,2023-08-29 05:00:00,2023-08-29 09:00:00,-4208.68,LOSS,osc_bull_div_mac_break,volatile,IS
H4,PLZL,2023-08-29 09:00:00,2023-09-05 05:00:00,32890.16,WIN,osc_bull_div_mac_break,volatile,IS
H4,PLZL,2023-09-15 09:00:00,2023-09-18 05:00:00,-2890.03,LOSS,osc_bull_div_mac_break+osc_micro_w_entry,volatile,IS
H4,PLZL,2023-09-18 17:00:00,2023-09-19 09:00:00,-26983.84,STOPPED,osc_bull_div_mac_break,ranging,IS
H4,PLZL,2023-10-03 17:00:00,2023-10-09 05:00:00,22880.19,WIN,osc_bull_div_mac_break,ranging,IS
H4,PLZL,2024-03-26 05:00:00,2024-03-29 13:00:00,37685.82,WIN,osc_micro_w_entry+osc_stoch_bull_cross,volatile,IS
H4,PLZL,2024-05-06 09:00:00,2024-05-07 05:00:00,-4349.87,LOSS,osc_bull_div_mac_break,volatile,IS
H4,PLZL,2025-04-08 05:00:00,2025-04-08 17:00:00,-11740.56,LOSS,osc_bull_div_mac_break+osc_micro_w_entry,trending,OOS
H4,PLZL,2025-04-09 01:00:00,2025-04-09 13:00:00,9000.04,WIN,osc_bull_div_mac_break,trending,OOS
H4,PLZL,2025-04-09 13:00:00,2025-04-09 17:00:00,-2197.09,LOSS,osc_bull_div_mac_break,volatile,OOS
H4,PLZL,2025-04-09 17:00:00,2025-04-10 09:00:00,-3628.06,LOSS,osc_bull_div_mac_break,volatile,OOS
H4,PLZL,2025-04-10 09:00:00,2025-04-10 13:00:00,9624.42,WIN,osc_bull_div_mac_break,volatile,OOS
H4,PLZL,2025-04-10 13:00:00,2025-04-11 09:00:00,37703.81,WIN,osc_bull_div_mac_break,ranging,OOS
H4,PLZL,2025-05-20 17:00:00,2025-05-21 05:00:00,313.42,WIN,osc_bull_div_mac_break,trending,OOS
H4,PLZL,2025-05-21 05:00:00,2025-05-21 09:00:00,-585.3,LOSS,osc_bull_div_mac_break,trending,OOS
H4,PLZL,2025-05-21 09:00:00,2025-05-21 13:00:00,-7889.52,LOSS,osc_bull_div_mac_break,trending,OOS
H4,PLZL,2025-05-21 17:00:00,2025-05-22 01:00:00,-834.15,LOSS,osc_bull_div_mac_break,volatile,OOS
H4,PLZL,2025-05-22 01:00:00,2025-05-22 13:00:00,-28428.12,STOPPED,osc_bull_div_mac_break,volatile,OOS
H4,PLZL,2025-07-14 13:00:00,2025-07-15 13:00:00,20679.86,WIN,osc_bull_div_mac_break+osc_micro_w_entry+osc_stoch_bull_cross,trending,OOS
H4,PLZL,2025-07-29 01:00:00,2025-07-29 17:00:00,24599.76,WIN,osc_bull_div_mac_break+osc_stoch_bull_cross,ranging,OOS
H4,PLZL,2025-07-29 17:00:00,2025-07-30 01:00:00,5318.87,WIN,osc_bull_div_mac_break,trending,OOS
H4,PLZL,2025-07-30 01:00:00,2025-07-30 05:00:00,-8844.98,LOSS,osc_bull_div_mac_break,trending,OOS
H4,PLZL,2025-07-30 05:00:00,2025-07-30 09:00:00,-5525.42,LOSS,osc_bull_div_mac_break,trending,OOS
H4,PLZL,2025-07-30 09:00:00,2025-08-05 05:00:00,32953.39,WIN,osc_bull_div_mac_break,trending,OOS
H4,PLZL,2025-09-23 01:00:00,2025-09-23 13:00:00,6409.06,WIN,osc_bull_div_mac_break,ranging,OOS
H4,PLZL,2025-09-23 13:00:00,2025-09-23 17:00:00,-10532.38,LOSS,osc_bull_div_mac_break,ranging,OOS
H4,PLZL,2025-10-29 05:00:00,2025-10-30 05:00:00,25167.54,WIN,osc_micro_w_entry+osc_stoch_bull_cross,trending,OOS
H4,PLZL,2025-10-30 09:00:00,2025-10-31 05:00:00,16653.51,WIN,osc_bull_div_mac_break,trending,OOS
H4,PLZL,2025-10-31 05:00:00,2025-10-31 09:00:00,-9381.15,LOSS,osc_bull_div_mac_break,trending,OOS
H4,PLZL,2025-10-31 09:00:00,2025-10-31 13:00:00,-12793.61,LOSS,osc_bull_div_mac_break,trending,OOS
H4,PLZL,2026-02-03 01:00:00,2026-02-04 05:00:00,16392.66,WIN,osc_bull_div_mac_break+osc_micro_w_entry,trending,OOS
H4,PLZL,2026-02-04 05:00:00,2026-02-04 09:00:00,-3589.97,LOSS,osc_bull_div_mac_break,trending,OOS
H4,PLZL,2026-02-04 09:00:00,2026-02-04 13:00:00,-11586.99,LOSS,osc_bull_div_mac_break,trending,OOS
H4,PLZL,2026-02-04 17:00:00,2026-02-05 09:00:00,-30931.86,STOPPED,osc_bull_div_mac_break,volatile,OOS
H4,PLZL,2026-06-29 13:00:00,2026-07-02 05:00:00,-8127.29,LOSS,osc_bull_div_mac_break,volatile,OOS
H4,CHMF,2023-09-12 17:00:00,2023-09-14 05:00:00,-31916.19,STOPPED,osc_micro_w_entry+osc_stoch_bull_cross,trending,IS
H4,CHMF,2023-09-15 09:00:00,2023-09-19 09:00:00,-27106.3,STOPPED,osc_micro_w_entry+osc_stoch_bull_cross,trending,IS
H4,CHMF,2023-10-13 05:00:00,2023-10-17 17:00:00,30853.39,WIN,osc_micro_w_entry+osc_stoch_bull_cross,ranging,IS
H4,CHMF,2023-10-17 17:00:00,2023-10-18 05:00:00,-3154.52,LOSS,osc_bull_div_mac_break,trending,IS
H4,CHMF,2023-10-18 05:00:00,2023-10-20 05:00:00,-22243.93,STOPPED,osc_bull_div_mac_break,trending,IS
H4,CHMF,2023-11-06 05:00:00,2023-11-06 09:00:00,-9501.33,LOSS,osc_bull_div_mac_break,volatile,IS
H4,CHMF,2023-11-06 09:00:00,2023-11-06 13:00:00,-958.33,LOSS,osc_bull_div_mac_break,volatile,IS
H4,CHMF,2023-11-06 13:00:00,2023-11-08 09:00:00,-3799.26,LOSS,osc_bull_div_mac_break,volatile,IS
H4,CHMF,2023-12-05 17:00:00,2023-12-06 09:00:00,-15187.72,LOSS,osc_bull_div_mac_break,trending,IS
H4,CHMF,2023-12-08 05:00:00,2023-12-14 13:00:00,-26042.28,STOPPED,osc_micro_w_entry+osc_stoch_bull_cross,trending,IS
H4,CHMF,2024-08-07 13:00:00,2024-08-14 13:00:00,883.66,WIN,osc_micro_w_entry+osc_stoch_bull_cross,trending,IS
H4,CHMF,2024-09-16 05:00:00,2024-09-17 17:00:00,23099.42,WIN,osc_bull_div_mac_break,ranging,IS
H4,CHMF,2024-09-17 17:00:00,2024-09-18 05:00:00,-13223.09,LOSS,osc_bull_div_mac_break,ranging,IS
H4,CHMF,2024-09-18 05:00:00,2024-09-18 09:00:00,-3220.82,LOSS,osc_bull_div_mac_break,ranging,IS
H4,CHMF,2024-09-18 09:00:00,2024-09-18 13:00:00,1137.36,WIN,osc_bull_div_mac_break,ranging,IS
H4,CHMF,2024-09-18 13:00:00,2024-09-18 17:00:00,-1531.48,LOSS,osc_bull_div_mac_break,ranging,IS
H4,CHMF,2024-09-18 17:00:00,2024-09-19 05:00:00,1276.05,WIN,osc_bull_div_mac_break,ranging,IS
H4,CHMF,2024-09-19 05:00:00,2024-09-23 09:00:00,23873.21,WIN,osc_bull_div_mac_break,ranging,IS
H4,CHMF,2024-11-02 13:00:00,2024-11-06 09:00:00,36958.34,WIN,osc_micro_w_entry+osc_stoch_bull_cross,trending,IS
H4,CHMF,2024-11-06 09:00:00,2024-11-06 13:00:00,-4734.72,LOSS,osc_bull_div_mac_break,trending,IS
H4,CHMF,2024-11-06 13:00:00,2024-11-07 09:00:00,-5550.39,LOSS,osc_bull_div_mac_break,trending,IS
H4,CHMF,2024-11-07 09:00:00,2024-11-11 05:00:00,74422.79,TARGET,osc_bull_div_mac_break,trending,IS
H4,CHMF,2025-01-29 01:00:00,2025-01-29 09:00:00,-9113.54,LOSS,osc_bull_div_mac_break,ranging,OOS
H4,CHMF,2025-01-30 09:00:00,2025-01-31 05:00:00,-6161.6,LOSS,osc_bull_div_mac_break+osc_micro_w_entry,ranging,OOS
H4,CHMF,2025-04-21 09:00:00,2025-04-23 05:00:00,32054.25,WIN,osc_micro_w_entry+osc_stoch_bull_cross,volatile,OOS
H4,CHMF,2025-04-23 05:00:00,2025-04-26 13:00:00,36269.39,WIN,osc_bull_div_mac_break,volatile,OOS
H4,CHMF,2025-05-28 09:00:00,2025-05-29 05:00:00,6857.79,WIN,osc_bull_div_mac_break,trending,OOS
H4,CHMF,2025-05-29 05:00:00,2025-05-29 13:00:00,-2278.72,LOSS,osc_bull_div_mac_break,trending,OOS
H4,CHMF,2025-06-17 05:00:00,2025-06-18 01:00:00,30340.61,WIN,osc_bull_div_mac_break+osc_micro_w_entry,ranging,OOS
H4,CHMF,2025-06-18 01:00:00,2025-06-18 05:00:00,-11180.62,LOSS,osc_bull_div_mac_break,volatile,OOS
H4,CHMF,2025-06-18 05:00:00,2025-06-18 09:00:00,5198.43,WIN,osc_bull_div_mac_break,volatile,OOS
H4,CHMF,2025-06-18 09:00:00,2025-06-23 01:00:00,-33697.36,STOPPED,osc_bull_div_mac_break,trending,OOS
H4,CHMF,2025-07-14 09:00:00,2025-07-15 09:00:00,32810.22,WIN,osc_micro_w_entry+osc_stoch_bull_cross,trending,OOS
H4,CHMF,2025-07-15 09:00:00,2025-07-15 13:00:00,7785.89,WIN,osc_bull_div_mac_break,trending,OOS
H4,CHMF,2025-07-15 13:00:00,2025-07-15 17:00:00,-2893.34,LOSS,osc_bull_div_mac_break,trending,OOS
H4,CHMF,2025-07-15 17:00:00,2025-07-16 17:00:00,3510.22,WIN,osc_bull_div_mac_break,trending,OOS
H4,CHMF,2025-07-16 17:00:00,2025-07-17 01:00:00,2226.96,WIN,osc_bull_div_mac_break,trending,OOS
H4,CHMF,2025-07-17 01:00:00,2025-07-17 05:00:00,-757.71,LOSS,osc_bull_div_mac_break,trending,OOS
H4,CHMF,2025-07-17 05:00:00,2025-07-17 09:00:00,-9487.25,LOSS,osc_bull_div_mac_break,trending,OOS
H4,CHMF,2025-07-17 09:00:00,2025-07-23 01:00:00,34593.27,WIN,osc_bull_div_mac_break,trending,OOS
H4,CHMF,2025-11-18 17:00:00,2025-11-19 05:00:00,15627.92,WIN,osc_bull_div_mac_break,trending,OOS
H4,CHMF,2025-11-19 05:00:00,2025-11-19 13:00:00,46747.06,TARGET,osc_bull_div_mac_break,trending,OOS
H4,CHMF,2025-11-19 13:00:00,2025-11-19 17:00:00,-15784.24,LOSS,osc_bull_div_mac_break,trending,OOS
H4,CHMF,2025-11-19 17:00:00,2025-11-20 01:00:00,4015.73,WIN,osc_bull_div_mac_break,trending,OOS
H4,CHMF,2025-11-20 01:00:00,2025-11-20 05:00:00,-10116.34,LOSS,osc_bull_div_mac_break,trending,OOS
H4,CHMF,2025-11-20 05:00:00,2025-11-20 09:00:00,-1376.96,LOSS,osc_bull_div_mac_break,trending,OOS
H4,CHMF,2025-11-20 09:00:00,2025-11-20 13:00:00,-2914.72,LOSS,osc_bull_div_mac_break,trending,OOS
H4,CHMF,2025-11-20 13:00:00,2025-11-21 09:00:00,23233.28,WIN,osc_bull_div_mac_break,trending,OOS
H4,CHMF,2026-01-12 17:00:00,2026-01-13 05:00:00,-21412.03,STOPPED,osc_bull_div_mac_break,trending,OOS
H4,CHMF,2026-01-16 05:00:00,2026-01-16 13:00:00,-6212.62,LOSS,osc_bull_div_mac_break+osc_micro_w_entry,ranging,OOS
H4,CHMF,2026-01-16 17:00:00,2026-01-19 01:00:00,2826.69,WIN,osc_bull_div_mac_break,ranging,OOS
H4,CHMF,2026-01-19 01:00:00,2026-01-19 17:00:00,7214.1,WIN,osc_bull_div_mac_break,ranging,OOS
H4,CHMF,2026-04-07 05:00:00,2026-04-07 09:00:00,-8657.27,LOSS,osc_bull_div_mac_break+osc_micro_w_entry,ranging,OOS
H4,CHMF,2026-04-08 01:00:00,2026-04-09 05:00:00,-19795.21,LOSS,osc_bull_div_mac_break,ranging,OOS
H4,CHMF,2026-04-22 09:00:00,2026-04-23 05:00:00,17814.57,WIN,osc_micro_w_entry+osc_stoch_bull_cross,ranging,OOS
H4,CHMF,2026-04-23 05:00:00,2026-04-24 09:00:00,-34956.59,STOPPED,osc_bull_div_mac_break,volatile,OOS
H4,CHMF,2026-05-18 17:00:00,2026-05-19 13:00:00,-335.72,LOSS,osc_bull_div_mac_break,ranging,OOS
H4,CHMF,2026-05-19 13:00:00,2026-05-19 17:00:00,-335.5,LOSS,osc_bull_div_mac_break,ranging,OOS
H4,CHMF,2026-05-19 17:00:00,2026-05-20 01:00:00,-1519.71,LOSS,osc_bull_div_mac_break,ranging,OOS
H4,CHMF,2026-05-20 09:00:00,2026-05-21 01:00:00,-13319.66,LOSS,osc_bull_div_mac_break,ranging,OOS
H4,CHMF,2026-06-01 05:00:00,2026-06-03 01:00:00,14535.83,WIN,osc_micro_w_entry+osc_stoch_bull_cross,trending,OOS
H4,CHMF,2026-06-10 01:00:00,2026-06-14 13:00:00,2574.91,WIN,osc_bull_div_mac_break,trending,OOS
H4,CHMF,2026-06-16 01:00:00,2026-06-16 13:00:00,-31540.81,STOPPED,osc_bull_div_mac_break,ranging,OOS
H4,ALRS,2023-11-02 09:00:00,2023-11-03 09:00:00,-16440.01,STOPPED,osc_bull_div_mac_break,trending,IS
H4,ALRS,2023-11-29 09:00:00,2023-11-30 09:00:00,-27207.92,STOPPED,osc_bull_div_mac_break+osc_micro_w_entry,trending,IS
H4,ALRS,2024-01-30 05:00:00,2024-02-01 09:00:00,-286.71,LOSS,osc_micro_w_entry+osc_stoch_bull_cross,ranging,IS
H4,ALRS,2024-07-18 13:00:00,2024-07-23 05:00:00,8501.3,WIN,osc_micro_w_entry+osc_stoch_bull_cross,trending,IS
H4,ALRS,2024-09-16 05:00:00,2024-09-18 05:00:00,44536.06,WIN,osc_bull_div_mac_break,volatile,IS
H4,ALRS,2024-09-18 05:00:00,2024-09-18 09:00:00,-13569.07,LOSS,osc_bull_div_mac_break,volatile,IS
H4,ALRS,2024-09-18 09:00:00,2024-09-18 13:00:00,3544.93,WIN,osc_bull_div_mac_break,volatile,IS
H4,ALRS,2024-09-18 13:00:00,2024-09-18 17:00:00,-1643.4,LOSS,osc_bull_div_mac_break,volatile,IS
H4,ALRS,2024-09-18 17:00:00,2024-09-19 09:00:00,5651.08,WIN,osc_bull_div_mac_break,volatile,IS
H4,ALRS,2024-09-19 09:00:00,2024-09-23 17:00:00,33267.05,WIN,osc_bull_div_mac_break,volatile,IS
H4,ALRS,2024-11-28 05:00:00,2024-11-29 09:00:00,-1761.58,LOSS,osc_bull_div_mac_break,trending,IS
H4,ALRS,2024-11-29 13:00:00,2024-11-29 17:00:00,-3327.57,LOSS,osc_bull_div_mac_break,trending,IS
H4,ALRS,2024-12-02 05:00:00,2024-12-02 09:00:00,-23084.22,LOSS,osc_bull_div_mac_break,volatile,IS
H4,ALRS,2025-03-10 09:00:00,2025-03-11 09:00:00,-32714.63,LOSS,osc_bull_div_mac_break+osc_micro_w_entry,ranging,OOS
H4,ALRS,2025-03-16 13:00:00,2025-03-17 09:00:00,-5232.22,LOSS,osc_bull_div_mac_break,ranging,OOS
H4,ALRS,2025-04-11 13:00:00,2025-04-13 09:00:00,15775.0,WIN,osc_bull_div_mac_break,trending,OOS
H4,ALRS,2025-04-13 09:00:00,2025-04-13 13:00:00,488.8,WIN,osc_bull_div_mac_break,trending,OOS
H4,ALRS,2025-04-13 13:00:00,2025-04-14 01:00:00,-16927.34,LOSS,osc_bull_div_mac_break,trending,OOS
H4,ALRS,2025-04-16 17:00:00,2025-04-18 01:00:00,41205.59,WIN,osc_bull_div_mac_break,ranging,OOS
H4,ALRS,2025-04-18 01:00:00,2025-04-18 05:00:00,-6531.66,LOSS,osc_bull_div_mac_break,volatile,OOS
H4,ALRS,2025-04-18 05:00:00,2025-04-18 09:00:00,-10612.32,LOSS,osc_bull_div_mac_break,trending,OOS
H4,ALRS,2025-04-18 09:00:00,2025-04-23 05:00:00,-6518.99,STOPPED,osc_bull_div_mac_break,trending,OOS
H4,ALRS,2025-07-16 17:00:00,2025-07-17 01:00:00,341.95,WIN,osc_bull_div_mac_break,trending,OOS
H4,ALRS,2025-07-17 01:00:00,2025-07-17 05:00:00,-5592.1,LOSS,osc_bull_div_mac_break,trending,OOS
H4,ALRS,2025-07-17 05:00:00,2025-07-17 09:00:00,-10034.59,LOSS,osc_bull_div_mac_break,trending,OOS
H4,ALRS,2025-07-17 09:00:00,2025-07-19 09:00:00,20876.33,WIN,osc_bull_div_mac_break,trending,OOS
H4,ALRS,2025-09-16 13:00:00,2025-09-18 01:00:00,4843.05,WIN,osc_micro_w_entry+osc_stoch_bull_cross,volatile,OOS
H4,ALRS,2025-10-07 05:00:00,2025-10-07 17:00:00,-5458.93,LOSS,osc_bull_div_mac_break,trending,OOS
H4,ALRS,2025-10-08 01:00:00,2025-10-08 09:00:00,-38076.78,STOPPED,osc_bull_div_mac_break,trending,OOS
H4,ALRS,2025-12-16 05:00:00,2025-12-16 17:00:00,4308.8,WIN,osc_bull_div_mac_break+osc_micro_w_entry,volatile,OOS
H4,ALRS,2025-12-16 17:00:00,2025-12-17 01:00:00,7517.53,WIN,osc_bull_div_mac_break,volatile,OOS
H4,ALRS,2025-12-17 01:00:00,2025-12-17 09:00:00,2923.78,WIN,osc_bull_div_mac_break,volatile,OOS
H4,ALRS,2025-12-17 09:00:00,2025-12-17 13:00:00,-517.0,LOSS,osc_bull_div_mac_break,trending,OOS
H4,ALRS,2025-12-17 13:00:00,2025-12-17 17:00:00,4064.81,WIN,osc_bull_div_mac_break,trending,OOS
H4,ALRS,2025-12-17 17:00:00,2025-12-19 01:00:00,31303.84,WIN,osc_bull_div_mac_break,trending,OOS
H4,ALRS,2025-12-19 01:00:00,2025-12-19 05:00:00,1761.22,WIN,osc_bull_div_mac_break,trending,OOS
H4,ALRS,2025-12-19 05:00:00,2025-12-19 09:00:00,-7386.93,LOSS,osc_bull_div_mac_break,trending,OOS
H4,ALRS,2025-12-19 09:00:00,2025-12-19 13:00:00,-3038.37,LOSS,osc_bull_div_mac_break,trending,OOS
H4,ALRS,2025-12-19 13:00:00,2025-12-19 17:00:00,2673.85,WIN,osc_bull_div_mac_break,trending,OOS
H4,ALRS,2025-12-19 17:00:00,2025-12-20 05:00:00,-524.09,LOSS,osc_bull_div_mac_break,trending,OOS
H4,ALRS,2025-12-20 05:00:00,2025-12-20 13:00:00,-295.58,LOSS,osc_bull_div_mac_break,trending,OOS
H4,ALRS,2026-01-09 01:00:00,2026-01-09 09:00:00,2348.2,WIN,osc_micro_w_entry+osc_stoch_bull_cross,trending,OOS
H4,ALRS,2026-01-12 05:00:00,2026-01-12 17:00:00,2074.16,WIN,osc_bull_div_mac_break,volatile,OOS
H4,ALRS,2026-02-16 01:00:00,2026-02-16 05:00:00,-9190.91,LOSS,osc_bull_div_mac_break,trending,OOS
H4,ALRS,2026-06-29 05:00:00,2026-06-30 13:00:00,13275.77,WIN,osc_micro_w_entry+osc_stoch_bull_cross,trending,OOS
H4,SNGS,2023-09-15 13:00:00,2023-09-19 09:00:00,-37950.05,STOPPED,osc_micro_w_entry+osc_stoch_bull_cross,trending,IS
H4,SNGS,2023-10-30 05:00:00,2023-11-02 13:00:00,-35131.48,STOPPED,osc_bull_div_mac_break+osc_stoch_bull_cross,ranging,IS
H4,SNGS,2024-01-25 09:00:00,2024-02-01 13:00:00,48443.87,TARGET,osc_bull_div_mac_break+osc_stoch_bull_cross,ranging,IS
H4,SNGS,2024-08-13 09:00:00,2024-08-14 05:00:00,4945.22,WIN,osc_bull_div_mac_break,volatile,IS
H4,SNGS,2024-08-14 05:00:00,2024-08-14 09:00:00,-16357.87,LOSS,osc_bull_div_mac_break,volatile,IS
H4,SNGS,2024-09-16 05:00:00,2024-09-16 13:00:00,20927.43,WIN,osc_bull_div_mac_break,ranging,IS
H4,SNGS,2024-09-16 13:00:00,2024-09-16 17:00:00,490.39,WIN,osc_bull_div_mac_break,volatile,IS
H4,SNGS,2024-09-16 17:00:00,2024-09-17 05:00:00,-3630.58,LOSS,osc_bull_div_mac_break,volatile,IS
H4,SNGS,2024-09-17 05:00:00,2024-09-17 09:00:00,-6568.9,LOSS,osc_bull_div_mac_break,volatile,IS
H4,SNGS,2024-09-17 09:00:00,2024-09-17 13:00:00,10682.91,WIN,osc_bull_div_mac_break,volatile,IS
H4,SNGS,2024-09-17 13:00:00,2024-09-18 09:00:00,-25169.25,LOSS,osc_bull_div_mac_break,volatile,IS
H4,SNGS,2024-09-23 17:00:00,2024-09-24 05:00:00,-4273.83,LOSS,osc_bull_div_mac_break,trending,IS
H4,SNGS,2024-09-24 05:00:00,2024-09-25 13:00:00,-21345.13,LOSS,osc_bull_div_mac_break,trending,IS
H4,SNGS,2024-11-01 13:00:00,2024-11-05 09:00:00,36708.3,WIN,osc_micro_w_entry+osc_stoch_bull_cross,trending,IS
H4,SNGS,2024-11-05 09:00:00,2024-11-05 13:00:00,7224.73,WIN,osc_bull_div_mac_break,trending,IS
H4,SNGS,2024-11-05 13:00:00,2024-11-06 05:00:00,17164.67,WIN,osc_bull_div_mac_break,trending,IS
H4,SNGS,2024-11-06 05:00:00,2024-11-06 09:00:00,-2123.22,LOSS,osc_bull_div_mac_break,trending,IS
H4,SNGS,2024-11-06 09:00:00,2024-11-06 13:00:00,7002.07,WIN,osc_bull_div_mac_break,trending,IS
H4,SNGS,2024-11-06 13:00:00,2024-11-06 17:00:00,-1717.11,LOSS,osc_bull_div_mac_break,trending,IS
H4,SNGS,2024-11-06 17:00:00,2024-11-07 09:00:00,-11840.58,LOSS,osc_bull_div_mac_break,trending,IS
H4,SNGS,2024-11-07 09:00:00,2024-11-07 13:00:00,11848.27,WIN,osc_bull_div_mac_break,trending,IS
H4,SNGS,2024-11-07 13:00:00,2024-11-08 13:00:00,26602.53,WIN,osc_bull_div_mac_break,trending,IS
H4,SNGS,2025-02-17 09:00:00,2025-02-26 09:00:00,-26457.0,STOPPED,osc_bull_div_mac_break+osc_stoch_bull_cross,ranging,OOS
H4,SNGS,2025-03-04 13:00:00,2025-03-06 17:00:00,-24797.89,STOPPED,osc_bull_div_mac_break+osc_micro_w_entry+osc_stoch_bull_cross,trending,OOS
H4,SNGS,2025-04-29 09:00:00,2025-04-29 13:00:00,-21764.5,LOSS,osc_bull_div_mac_break,ranging,OOS
H4,SNGS,2025-07-14 13:00:00,2025-07-15 09:00:00,2902.72,WIN,osc_bull_div_mac_break+osc_micro_w_entry+osc_stoch_bull_cross,volatile,OOS
H4,SNGS,2025-08-01 01:00:00,2025-08-01 09:00:00,-16047.65,STOPPED,osc_bull_div_mac_break,trending,OOS
H4,SNGS,2025-08-05 09:00:00,2025-08-06 05:00:00,-7216.06,LOSS,osc_bull_div_mac_break+osc_micro_w_entry,volatile,OOS
H4,SNGS,2025-11-13 01:00:00,2025-11-18 13:00:00,53139.5,TARGET,osc_bull_div_mac_break,trending,OOS
H4,SNGS,2025-12-30 09:00:00,2026-01-05 05:00:00,-21003.17,STOPPED,osc_micro_w_entry+osc_stoch_bull_cross,trending,OOS
H4,SNGS,2026-03-18 17:00:00,2026-03-19 09:00:00,-5705.89,LOSS,osc_bull_div_mac_break,ranging,OOS
H4,SNGS,2026-06-26 09:00:00,2026-06-29 01:00:00,2663.33,WIN,osc_micro_w_entry+osc_stoch_bull_cross,trending,OOS
H4,SNGS,2026-06-29 05:00:00,2026-06-29 09:00:00,-2308.23,LOSS,osc_bull_div_mac_break,trending,OOS
H4,SNGS,2026-06-29 09:00:00,2026-06-30 09:00:00,15885.55,WIN,osc_bull_div_mac_break,trending,OOS
D1,SBER,2025-04-10 21:00:00,2025-04-23 21:00:00,28134.82,WIN,osc_micro_w_entry+osc_stoch_bull_cross,trending,OOS
D1,SBER,2025-04-23 21:00:00,2025-04-24 21:00:00,21325.57,WIN,osc_bull_div_mac_break,trending,OOS
D1,SBER,2025-04-24 21:00:00,2025-04-27 21:00:00,-8459.74,LOSS,osc_bull_div_mac_break,volatile,OOS
D1,SBER,2025-04-27 21:00:00,2025-04-28 21:00:00,-16261.44,LOSS,osc_bull_div_mac_break,volatile,OOS
D1,SBER,2025-07-16 21:00:00,2025-07-17 21:00:00,-56768.51,STOPPED,osc_bull_div_mac_break,ranging,OOS
D1,SBER,2025-10-15 21:00:00,2025-10-20 21:00:00,-24016.36,LOSS,osc_bull_div_mac_break+osc_micro_w_entry+osc_stoch_bull_cross,trending,OOS
D1,SBER,2025-11-02 21:00:00,2025-11-11 21:00:00,3035.42,WIN,osc_bull_div_mac_break+osc_micro_w_entry+osc_stoch_bull_cross,volatile,OOS
D1,SBER,2025-11-11 21:00:00,2025-11-12 21:00:00,-283.45,LOSS,osc_bull_div_mac_break,volatile,OOS
D1,SBER,2025-11-12 21:00:00,2025-11-13 21:00:00,-5490.76,LOSS,osc_bull_div_mac_break,volatile,OOS
D1,SBER,2025-11-17 21:00:00,2025-11-24 21:00:00,22151.17,WIN,osc_bull_div_mac_break,ranging,OOS
D1,SBER,2026-01-15 21:00:00,2026-01-23 21:00:00,14899.79,WIN,osc_micro_w_entry+osc_stoch_bull_cross,ranging,OOS
D1,GAZP,2023-12-17 21:00:00,2023-12-20 21:00:00,-32805.08,LOSS,osc_bull_div_mac_break,volatile,IS
D1,GAZP,2024-04-01 21:00:00,2024-04-14 21:00:00,-5294.21,LOSS,osc_bull_div_mac_break+osc_stoch_bull_cross,ranging,IS
D1,GAZP,2024-07-07 21:00:00,2024-07-09 21:00:00,-55865.71,STOPPED,osc_bull_div_mac_break,trending,IS
D1,GAZP,2025-10-15 21:00:00,2025-10-19 21:00:00,10927.1,WIN,osc_bull_div_mac_break+osc_micro_w_entry,trending,OOS
D1,GAZP,2026-05-12 21:00:00,2026-05-19 21:00:00,-38818.76,STOPPED,osc_bull_div_mac_break,trending,OOS
D1,LKOH,2024-09-08 21:00:00,2024-09-18 21:00:00,43054.55,WIN,osc_bull_div_mac_break+osc_stoch_bull_cross,trending,IS
D1,LKOH,2025-10-15 21:00:00,2025-10-19 21:00:00,31430.75,WIN,osc_bull_div_mac_break+osc_micro_w_entry+osc_stoch_bull_cross,trending,OOS
D1,LKOH,2025-10-19 21:00:00,2025-10-20 21:00:00,-18459.81,LOSS,osc_bull_div_mac_break,trending,OOS
D1,LKOH,2025-10-20 21:00:00,2025-10-22 21:00:00,-85130.35,STOPPED,osc_bull_div_mac_break,trending,OOS
D1,NVTK,2023-09-26 21:00:00,2023-10-03 21:00:00,30526.39,WIN,osc_micro_w_entry+osc_stoch_bull_cross,trending,IS
D1,NVTK,2023-10-03 21:00:00,2023-10-04 21:00:00,7445.78,WIN,osc_bull_div_mac_break,trending,IS
D1,NVTK,2023-10-04 21:00:00,2023-10-05 21:00:00,4899.01,WIN,osc_bull_div_mac_break,trending,IS
D1,NVTK,2023-10-05 21:00:00,2023-10-09 21:00:00,-1521.71,LOSS,osc_bull_div_mac_break,trending,IS
D1,NVTK,2023-10-09 21:00:00,2023-10-10 21:00:00,-16762.77,LOSS,osc_bull_div_mac_break,trending,IS
D1,NVTK,2023-10-10 21:00:00,2023-10-18 21:00:00,19652.24,WIN,osc_bull_div_mac_break,trending,IS
D1,NVTK,2023-12-04 21:00:00,2023-12-13 21:00:00,-55780.69,STOPPED,osc_micro_w_entry+osc_stoch_bull_cross,trending,IS
D1,NVTK,2025-10-14 21:00:00,2025-10-20 21:00:00,27210.24,WIN,osc_micro_w_entry+osc_stoch_bull_cross,trending,OOS
D1,ROSN,2024-04-02 21:00:00,2024-04-08 21:00:00,-15026.01,LOSS,osc_bull_div_mac_break,ranging,IS
D1,ROSN,2024-06-30 21:00:00,2024-07-03 21:00:00,-26815.6,LOSS,osc_bull_div_mac_break,trending,IS
D1,ROSN,2025-10-15 21:00:00,2025-10-21 21:00:00,-49518.6,STOPPED,osc_bull_div_mac_break+osc_micro_w_entry+osc_stoch_bull_cross,trending,OOS
D1,ROSN,2026-06-01 21:00:00,2026-06-08 21:00:00,-60594.68,STOPPED,osc_micro_w_entry+osc_stoch_bull_cross,trending,OOS
D1,TATN,2024-09-15 21:00:00,2024-09-18 21:00:00,4022.22,WIN,osc_bull_div_mac_break,trending,IS
D1,TATN,2025-04-10 21:00:00,2025-04-14 21:00:00,-2701.7,LOSS,osc_bull_div_mac_break,trending,OOS
D1,TATN,2025-04-14 21:00:00,2025-04-15 21:00:00,1669.16,WIN,osc_bull_div_mac_break,trending,OOS
D1,TATN,2025-04-15 21:00:00,2025-04-22 21:00:00,8100.55,WIN,osc_bull_div_mac_break,trending,OOS
D1,TATN,2025-10-17 21:00:00,2025-10-20 21:00:00,-21793.11,LOSS,osc_bull_div_mac_break,trending,OOS
D1,TATN,2026-02-27 21:00:00,2026-03-01 21:00:00,83210.32,TARGET,osc_bull_div_mac_break+osc_micro_w_entry+osc_stoch_bull_cross,volatile,OOS
D1,TATN,2026-03-01 21:00:00,2026-03-03 21:00:00,4089.88,WIN,osc_bull_div_mac_break,trending,OOS
D1,TATN,2026-03-03 21:00:00,2026-03-04 21:00:00,29127.52,WIN,osc_bull_div_mac_break,trending,OOS
D1,TATN,2026-03-04 21:00:00,2026-03-09 21:00:00,13944.92,WIN,osc_bull_div_mac_break,trending,OOS
D1,TATN,2026-03-09 21:00:00,2026-03-30 21:00:00,45625.39,WIN,osc_bull_div_mac_break,trending,OOS
D1,TATN,2026-05-11 21:00:00,2026-05-19 21:00:00,32621.37,WIN,osc_bull_div_mac_break+osc_stoch_bull_cross,volatile,OOS
D1,TATN,2026-05-19 21:00:00,2026-05-20 21:00:00,34145.4,WIN,osc_bull_div_mac_break,volatile,OOS
D1,TATN,2026-05-20 21:00:00,2026-05-21 21:00:00,-16255.44,LOSS,osc_bull_div_mac_break,volatile,OOS
D1,TATN,2026-05-21 21:00:00,2026-05-22 21:00:00,3313.83,WIN,osc_bull_div_mac_break,volatile,OOS
D1,TATN,2026-05-22 21:00:00,2026-05-23 21:00:00,-20482.34,LOSS,osc_bull_div_mac_break,volatile,OOS
D1,TATN,2026-05-23 21:00:00,2026-06-14 21:00:00,-82528.5,STOPPED,osc_bull_div_mac_break,volatile,OOS
D1,MGNT,2025-02-10 21:00:00,2025-02-13 21:00:00,6144.31,WIN,osc_bull_div_mac_break+osc_micro_w_entry,volatile,OOS
D1,MGNT,2025-02-13 21:00:00,2025-02-16 21:00:00,39434.93,WIN,osc_bull_div_mac_break,volatile,OOS
D1,MGNT,2025-02-16 21:00:00,2025-02-25 21:00:00,-5066.07,LOSS,osc_bull_div_mac_break,volatile,OOS
D1,MGNT,2025-02-25 21:00:00,2025-03-23 21:00:00,-70472.78,STOPPED,osc_bull_div_mac_break,trending,OOS
D1,MGNT,2025-07-18 21:00:00,2025-07-22 21:00:00,10173.87,WIN,osc_bull_div_mac_break+osc_micro_w_entry,ranging,OOS
D1,MGNT,2025-07-22 21:00:00,2025-07-23 21:00:00,-6254.34,LOSS,osc_bull_div_mac_break,volatile,OOS
D1,MGNT,2025-07-23 21:00:00,2025-07-24 21:00:00,2084.54,WIN,osc_bull_div_mac_break,volatile,OOS
D1,MGNT,2025-07-24 21:00:00,2025-07-25 21:00:00,1292.07,WIN,osc_bull_div_mac_break,volatile,OOS
D1,MGNT,2025-07-25 21:00:00,2025-07-26 21:00:00,-7285.83,LOSS,osc_bull_div_mac_break,volatile,OOS
D1,MGNT,2025-11-18 21:00:00,2025-12-09 21:00:00,91074.53,TARGET,osc_micro_w_entry+osc_stoch_bull_cross,ranging,OOS
D1,MOEX,2025-04-21 21:00:00,2025-04-24 21:00:00,6212.38,WIN,osc_bull_div_mac_break+osc_micro_w_entry,volatile,OOS
D1,MOEX,2025-06-23 21:00:00,2025-06-30 21:00:00,24928.06,WIN,osc_bull_div_mac_break+osc_micro_w_entry,trending,OOS
D1,MOEX,2025-06-30 21:00:00,2025-07-01 21:00:00,2720.76,WIN,osc_bull_div_mac_break,trending,OOS
D1,MOEX,2025-07-01 21:00:00,2025-07-02 21:00:00,-11036.73,LOSS,osc_bull_div_mac_break,volatile,OOS
D1,MOEX,2025-07-02 21:00:00,2025-07-03 21:00:00,-4563.94,LOSS,osc_bull_div_mac_break,volatile,OOS
D1,MOEX,2025-07-03 21:00:00,2025-07-04 21:00:00,2770.84,WIN,osc_bull_div_mac_break,volatile,OOS
D1,MOEX,2025-07-04 21:00:00,2025-07-05 21:00:00,-1535.11,LOSS,osc_bull_div_mac_break,volatile,OOS
D1,MOEX,2025-07-05 21:00:00,2025-07-07 21:00:00,-33325.71,STOPPED,osc_bull_div_mac_break,volatile,OOS
D1,MOEX,2025-10-18 21:00:00,2025-10-20 21:00:00,-18278.75,LOSS,osc_bull_div_mac_break,trending,OOS
D1,MOEX,2025-10-20 21:00:00,2025-10-21 21:00:00,-2334.78,LOSS,osc_bull_div_mac_break,trending,OOS
D1,MOEX,2025-10-21 21:00:00,2025-10-22 21:00:00,-3064.8,LOSS,osc_bull_div_mac_break,trending,OOS
D1,MOEX,2026-01-16 21:00:00,2026-01-23 21:00:00,21745.74,WIN,osc_bull_div_mac_break+osc_stoch_bull_cross,ranging,OOS
D1,MOEX,2026-01-23 21:00:00,2026-01-25 21:00:00,-2795.38,LOSS,osc_bull_div_mac_break,ranging,OOS
D1,MOEX,2026-01-25 21:00:00,2026-01-27 21:00:00,19922.57,WIN,osc_bull_div_mac_break,ranging,OOS
D1,MOEX,2026-01-27 21:00:00,2026-01-29 21:00:00,-8879.11,LOSS,osc_bull_div_mac_break,ranging,OOS
D1,PLZL,2025-06-02 21:00:00,2025-06-05 21:00:00,3611.79,WIN,osc_bull_div_mac_break,volatile,OOS
D1,CHMF,2023-12-19 21:00:00,2023-12-21 21:00:00,2532.9,WIN,osc_bull_div_mac_break,volatile,IS
D1,CHMF,2023-12-21 21:00:00,2023-12-24 21:00:00,5255.23,WIN,osc_bull_div_mac_break,volatile,IS
D1,CHMF,2023-12-24 21:00:00,2024-01-03 21:00:00,58330.64,WIN,osc_bull_div_mac_break,volatile,IS
D1,CHMF,2024-01-03 21:00:00,2024-01-08 21:00:00,11077.21,WIN,osc_bull_div_mac_break,trending,IS
D1,CHMF,2024-01-08 21:00:00,2024-01-09 21:00:00,6125.28,WIN,osc_bull_div_mac_break,trending,IS
D1,CHMF,2024-01-09 21:00:00,2024-01-10 21:00:00,73055.69,WIN,osc_bull_div_mac_break,trending,IS
D1,CHMF,2024-01-10 21:00:00,2024-01-15 21:00:00,6392.67,WIN,osc_bull_div_mac_break,trending,IS
D1,CHMF,2024-01-15 21:00:00,2024-01-16 21:00:00,7129.89,WIN,osc_bull_div_mac_break,trending,IS
D1,CHMF,2024-01-16 21:00:00,2024-01-17 21:00:00,-14109.18,LOSS,osc_bull_div_mac_break,trending,IS
D1,CHMF,2024-01-17 21:00:00,2024-01-23 21:00:00,53571.7,WIN,osc_bull_div_mac_break,trending,IS
D1,CHMF,2025-11-20 21:00:00,2025-11-24 21:00:00,7279.95,WIN,osc_bull_div_mac_break,volatile,OOS
D1,CHMF,2025-11-24 21:00:00,2025-11-25 21:00:00,-13623.91,LOSS,osc_bull_div_mac_break,volatile,OOS
D1,CHMF,2025-11-25 21:00:00,2025-11-26 21:00:00,-8754.04,LOSS,osc_bull_div_mac_break,volatile,OOS
D1,CHMF,2025-11-26 21:00:00,2025-12-01 21:00:00,19913.83,WIN,osc_bull_div_mac_break,volatile,OOS
D1,CHMF,2025-12-01 21:00:00,2025-12-02 21:00:00,-16895.51,LOSS,osc_bull_div_mac_break,volatile,OOS
D1,CHMF,2025-12-02 21:00:00,2025-12-03 21:00:00,10741.64,WIN,osc_bull_div_mac_break,ranging,OOS
D1,CHMF,2025-12-03 21:00:00,2025-12-04 21:00:00,16662.21,WIN,osc_bull_div_mac_break,ranging,OOS
D1,CHMF,2025-12-04 21:00:00,2025-12-07 21:00:00,-9385.8,LOSS,osc_bull_div_mac_break,ranging,OOS
D1,ALRS,2025-02-09 21:00:00,2025-02-13 21:00:00,45879.61,WIN,osc_bull_div_mac_break,volatile,OOS
D1,ALRS,2025-02-13 21:00:00,2025-02-16 21:00:00,33728.61,WIN,osc_bull_div_mac_break,volatile,OOS
D1,ALRS,2025-02-16 21:00:00,2025-02-17 21:00:00,-28859.77,LOSS,osc_bull_div_mac_break,trending,OOS
D1,ALRS,2025-02-17 21:00:00,2025-02-19 21:00:00,11747.86,WIN,osc_bull_div_mac_break,trending,OOS
D1,ALRS,2025-02-19 21:00:00,2025-02-25 21:00:00,-19531.2,LOSS,osc_bull_div_mac_break,trending,OOS
D1,ALRS,2025-02-25 21:00:00,2025-03-23 21:00:00,-52611.54,STOPPED,osc_bull_div_mac_break,trending,OOS
D1,ALRS,2025-07-17 21:00:00,2025-07-23 21:00:00,-4119.83,LOSS,osc_bull_div_mac_break+osc_micro_w_entry,ranging,OOS
D1,ALRS,2025-10-17 21:00:00,2025-10-19 21:00:00,-7085.83,LOSS,osc_bull_div_mac_break,volatile,OOS
D1,ALRS,2026-01-18 21:00:00,2026-01-22 21:00:00,-9071.97,LOSS,osc_bull_div_mac_break+osc_micro_w_entry+osc_stoch_bull_cross,ranging,OOS
D1,ALRS,2026-06-15 21:00:00,2026-06-18 21:00:00,-45813.15,STOPPED,osc_bull_div_mac_break,trending,OOS
D1,SNGS,2025-06-12 21:00:00,2025-06-15 21:00:00,-20827.77,LOSS,osc_bull_div_mac_break,volatile,OOS
D1,SNGS,2025-10-15 21:00:00,2025-10-26 21:00:00,-55074.98,STOPPED,osc_micro_w_entry+osc_stoch_bull_cross,trending,OOS
