tf,ticker,entry,exit,pnl,status,rules,regime,sample
H4,ALRS,2023-11-29 09:00:00,2023-11-30 09:00:00,-27970.95,STOPPED,osc_bull_div_mac_break+osc_micro_w_entry,trending,IS
H4,ALRS,2024-01-30 05:00:00,2024-02-01 09:00:00,-583.2,LOSS,osc_micro_w_entry+osc_stoch_bull_cross,ranging,IS
H4,ALRS,2024-07-18 13:00:00,2024-07-23 05:00:00,8354.6,WIN,osc_micro_w_entry+osc_stoch_bull_cross,trending,IS
H4,ALRS,2024-09-17 05:00:00,2024-09-18 05:00:00,5242.41,WIN,osc_bull_div_mac_break+osc_micro_w_entry,volatile,IS
H4,ALRS,2024-11-28 17:00:00,2024-11-29 09:00:00,-16420.88,LOSS,osc_bull_div_mac_break+osc_micro_w_entry,trending,IS
H4,ALRS,2025-03-10 09:00:00,2025-03-11 09:00:00,-31842.65,LOSS,osc_bull_div_mac_break+osc_micro_w_entry,ranging,OOS
H4,ALRS,2025-04-17 05:00:00,2025-04-18 01:00:00,3630.05,WIN,osc_bull_div_mac_break+osc_micro_w_entry,ranging,OOS
H4,ALRS,2025-07-18 05:00:00,2025-07-19 09:00:00,10056.18,WIN,osc_bull_div_mac_break+osc_stoch_bull_cross,volatile,OOS
H4,ALRS,2025-09-16 13:00:00,2025-09-18 01:00:00,4388.09,WIN,osc_micro_w_entry+osc_stoch_bull_cross,volatile,OOS
H4,ALRS,2025-12-16 05:00:00,2025-12-16 17:00:00,4065.31,WIN,osc_bull_div_mac_break+osc_micro_w_entry,volatile,OOS
H4,ALRS,2026-01-09 01:00:00,2026-01-09 09:00:00,1999.09,WIN,osc_micro_w_entry+osc_stoch_bull_cross,trending,OOS
H4,ALRS,2026-06-29 05:00:00,2026-06-30 13:00:00,12758.53,WIN,osc_micro_w_entry+osc_stoch_bull_cross,trending,OOS
H4,CHMF,2023-09-12 17:00:00,2023-09-14 05:00:00,-32215.87,STOPPED,osc_micro_w_entry+osc_stoch_bull_cross,trending,IS
H4,CHMF,2023-09-15 09:00:00,2023-09-19 09:00:00,-27396.44,STOPPED,osc_micro_w_entry+osc_stoch_bull_cross,trending,IS
H4,CHMF,2023-10-13 05:00:00,2023-10-17 17:00:00,30571.33,WIN,osc_micro_w_entry+osc_stoch_bull_cross,ranging,IS
H4,CHMF,2023-12-08 05:00:00,2023-12-14 13:00:00,-27961.07,STOPPED,osc_micro_w_entry+osc_stoch_bull_cross,trending,IS
H4,CHMF,2024-08-07 13:00:00,2024-08-14 13:00:00,656.12,WIN,osc_micro_w_entry+osc_stoch_bull_cross,trending,IS
H4,CHMF,2024-09-17 05:00:00,2024-09-17 17:00:00,11681.31,WIN,osc_bull_div_mac_break+osc_micro_w_entry,ranging,IS
H4,CHMF,2024-11-02 13:00:00,2024-11-06 09:00:00,38152.17,WIN,osc_micro_w_entry+osc_stoch_bull_cross,trending,IS
H4,CHMF,2025-01-30 09:00:00,2025-01-31 05:00:00,-6366.22,LOSS,osc_bull_div_mac_break+osc_micro_w_entry,ranging,OOS
H4,CHMF,2025-04-21 09:00:00,2025-04-23 05:00:00,31262.06,WIN,osc_micro_w_entry+osc_stoch_bull_cross,volatile,OOS
H4,CHMF,2025-04-24 05:00:00,2025-04-26 13:00:00,21213.64,WIN,osc_bull_div_mac_break+osc_stoch_bull_cross,ranging,OOS
H4,CHMF,2025-05-29 09:00:00,2025-05-29 13:00:00,-13087.53,LOSS,osc_bull_div_mac_break+osc_micro_w_entry,trending,OOS
H4,CHMF,2025-06-17 05:00:00,2025-06-18 01:00:00,28665.49,WIN,osc_bull_div_mac_break+osc_micro_w_entry,ranging,OOS
H4,CHMF,2025-07-14 09:00:00,2025-07-15 09:00:00,32248.22,WIN,osc_micro_w_entry+osc_stoch_bull_cross,trending,OOS
H4,CHMF,2025-07-18 05:00:00,2025-07-23 01:00:00,9901.78,WIN,osc_bull_div_mac_break+osc_stoch_bull_cross,trending,OOS
H4,CHMF,2025-11-19 01:00:00,2025-11-19 05:00:00,-411.23,WIN,osc_bull_div_mac_break+osc_micro_w_entry,trending,OOS
H4,CHMF,2026-01-16 05:00:00,2026-01-16 13:00:00,-6185.55,LOSS,osc_bull_div_mac_break+osc_micro_w_entry,ranging,OOS
H4,CHMF,2026-04-07 05:00:00,2026-04-07 09:00:00,-8421.75,LOSS,osc_bull_div_mac_break+osc_micro_w_entry,ranging,OOS
H4,CHMF,2026-04-22 09:00:00,2026-04-23 05:00:00,16635.56,WIN,osc_micro_w_entry+osc_stoch_bull_cross,ranging,OOS
H4,CHMF,2026-06-01 05:00:00,2026-06-03 01:00:00,14169.4,WIN,osc_micro_w_entry+osc_stoch_bull_cross,trending,OOS
H4,GAZP,2023-10-31 13:00:00,2023-11-02 05:00:00,10747.74,WIN,osc_micro_w_entry+osc_stoch_bull_cross,trending,IS
H4,GAZP,2023-12-11 09:00:00,2023-12-12 05:00:00,-12971.18,LOSS,osc_bull_div_mac_break+osc_micro_w_entry,volatile,IS
H4,GAZP,2024-01-31 09:00:00,2024-02-01 09:00:00,1632.55,WIN,osc_bull_div_mac_break+osc_stoch_bull_cross,trending,IS
H4,GAZP,2024-02-02 09:00:00,2024-02-02 17:00:00,-14738.87,STOPPED,osc_bull_div_mac_break+osc_micro_w_entry,volatile,IS
H4,GAZP,2024-04-27 13:00:00,2024-05-02 09:00:00,-17329.78,STOPPED,osc_bull_div_mac_break+osc_micro_w_entry,ranging,IS
H4,GAZP,2024-08-14 05:00:00,2024-08-14 13:00:00,-10316.44,LOSS,osc_bull_div_mac_break+osc_micro_w_entry,ranging,IS
H4,GAZP,2024-09-17 13:00:00,2024-09-18 09:00:00,-6951.85,LOSS,osc_bull_div_mac_break+osc_micro_w_entry,volatile,IS
H4,GAZP,2025-03-04 13:00:00,2025-03-05 01:00:00,-16493.78,LOSS,osc_bull_div_mac_break+osc_micro_w_entry,ranging,OOS
H4,GAZP,2025-04-01 01:00:00,2025-04-01 09:00:00,-40699.06,STOPPED,osc_micro_w_entry+osc_stoch_bull_cross,trending,OOS
H4,GAZP,2025-04-10 09:00:00,2025-04-10 13:00:00,-15852.28,LOSS,osc_bull_div_mac_break+osc_micro_w_entry,trending,OOS
H4,GAZP,2025-06-13 01:00:00,2025-06-15 05:00:00,3503.09,WIN,osc_micro_w_entry+osc_stoch_bull_cross,trending,OOS
H4,GAZP,2025-08-18 17:00:00,2025-08-20 09:00:00,-20089.64,STOPPED,osc_bull_div_mac_break+osc_micro_w_entry+osc_stoch_bull_cross,ranging,OOS
H4,GAZP,2025-11-18 05:00:00,2025-11-18 17:00:00,-9306.06,LOSS,osc_bull_div_mac_break+osc_micro_w_entry,volatile,OOS
H4,GAZP,2025-12-26 17:00:00,2025-12-27 13:00:00,1359.75,WIN,osc_bull_div_mac_break+osc_micro_w_entry,trending,OOS
H4,GAZP,2026-04-20 01:00:00,2026-04-24 09:00:00,-13906.1,STOPPED,osc_micro_w_entry+osc_stoch_bull_cross,ranging,OOS
H4,GAZP,2026-05-28 05:00:00,2026-05-29 01:00:00,-7254.04,LOSS,osc_micro_w_entry+osc_stoch_bull_cross,trending,OOS
H4,LKOH,2024-03-22 05:00:00,2024-03-22 09:00:00,-27252.54,STOPPED,osc_bull_div_mac_break+osc_micro_w_entry,ranging,IS
H4,LKOH,2024-03-25 09:00:00,2024-03-28 09:00:00,6359.51,WIN,osc_micro_w_entry+osc_stoch_bull_cross,volatile,IS
H4,LKOH,2024-09-17 13:00:00,2024-09-17 17:00:00,-7610.72,LOSS,osc_bull_div_mac_break+osc_micro_w_entry,volatile,IS
H4,LKOH,2024-10-03 13:00:00,2024-10-04 13:00:00,9004.62,WIN,osc_bull_div_mac_break+osc_stoch_bull_cross,ranging,IS
H4,LKOH,2025-04-09 17:00:00,2025-04-10 09:00:00,-15656.11,LOSS,osc_micro_w_entry+osc_stoch_bull_cross,trending,OOS
H4,LKOH,2025-06-13 01:00:00,2025-06-15 05:00:00,17777.99,WIN,osc_micro_w_entry+osc_stoch_bull_cross,trending,OOS
H4,LKOH,2025-06-30 09:00:00,2025-07-01 05:00:00,-277.48,WIN,osc_bull_div_mac_break+osc_micro_w_entry,ranging,OOS
H4,LKOH,2025-08-30 05:00:00,2025-09-01 13:00:00,-9779.66,STOPPED,osc_bull_div_mac_break+osc_stoch_bull_cross,trending,OOS
H4,LKOH,2025-10-10 05:00:00,2025-10-10 09:00:00,-13611.46,LOSS,osc_bull_div_mac_break+osc_micro_w_entry,volatile,OOS
H4,LKOH,2026-01-21 17:00:00,2026-01-22 05:00:00,-1192.69,LOSS,osc_micro_w_entry+osc_stoch_bull_cross,trending,OOS
H4,LKOH,2026-02-10 01:00:00,2026-02-10 09:00:00,-15024.83,STOPPED,osc_bull_div_mac_break+osc_micro_w_entry,trending,OOS
H4,LKOH,2026-05-17 09:00:00,2026-05-19 09:00:00,12423.96,WIN,osc_micro_w_entry+osc_stoch_bull_cross,trending,OOS
H4,LKOH,2026-06-29 09:00:00,2026-06-30 01:00:00,8860.55,WIN,osc_bull_div_mac_break+osc_micro_w_entry,trending,OOS
H4,MGNT,2023-09-14 13:00:00,2023-09-18 05:00:00,-6409.03,LOSS,osc_bull_div_mac_break+osc_stoch_bull_cross,trending,IS
H4,MGNT,2024-11-29 05:00:00,2024-12-02 09:00:00,41673.04,WIN,osc_bull_div_mac_break+osc_micro_w_entry,trending,IS
H4,MGNT,2024-12-18 13:00:00,2024-12-19 13:00:00,-6186.33,LOSS,osc_bull_div_mac_break+osc_micro_w_entry+osc_stoch_bull_cross,volatile,IS
H4,MGNT,2025-04-08 09:00:00,2025-04-09 05:00:00,-35295.74,LOSS,osc_bull_div_mac_break+osc_micro_w_entry,ranging,OOS
H4,MGNT,2025-04-10 09:00:00,2025-04-10 13:00:00,-1608.4,LOSS,osc_bull_div_mac_break+osc_micro_w_entry,ranging,OOS
H4,MGNT,2025-06-26 05:00:00,2025-06-26 09:00:00,-8017.07,LOSS,osc_bull_div_mac_break+osc_micro_w_entry,trending,OOS
H4,MGNT,2025-07-14 13:00:00,2025-07-15 13:00:00,6854.25,WIN,osc_bull_div_mac_break+osc_stoch_bull_cross,trending,OOS
H4,MGNT,2025-07-16 13:00:00,2025-07-17 09:00:00,-4456.1,LOSS,osc_bull_div_mac_break+osc_micro_w_entry,trending,OOS
H4,MGNT,2025-08-04 09:00:00,2025-08-05 09:00:00,5065.86,WIN,osc_micro_w_entry+osc_stoch_bull_cross,trending,OOS
H4,MGNT,2025-09-09 05:00:00,2025-09-10 05:00:00,-10391.78,LOSS,osc_bull_div_mac_break+osc_micro_w_entry,volatile,OOS
H4,MGNT,2025-11-19 09:00:00,2025-11-19 17:00:00,-9515.01,LOSS,osc_bull_div_mac_break+osc_micro_w_entry,trending,OOS
H4,MGNT,2026-01-09 05:00:00,2026-01-13 09:00:00,10041.4,WIN,osc_micro_w_entry+osc_stoch_bull_cross,trending,OOS
H4,MGNT,2026-04-01 05:00:00,2026-04-02 09:00:00,-15974.42,STOPPED,osc_micro_w_entry+osc_stoch_bull_cross,trending,OOS
H4,MGNT,2026-05-19 05:00:00,2026-05-19 09:00:00,-15204.5,LOSS,osc_bull_div_mac_break+osc_micro_w_entry,trending,OOS
H4,MOEX,2023-09-12 05:00:00,2023-09-13 13:00:00,-5006.41,LOSS,osc_bull_div_mac_break+osc_stoch_bull_cross,volatile,IS
H4,MOEX,2024-02-26 05:00:00,2024-02-27 17:00:00,21381.74,WIN,osc_micro_w_entry+osc_stoch_bull_cross,trending,IS
H4,MOEX,2024-05-29 05:00:00,2024-05-30 09:00:00,15735.59,WIN,osc_bull_div_mac_break+osc_micro_w_entry,trending,IS
H4,MOEX,2025-04-02 09:00:00,2025-04-03 09:00:00,-16835.28,STOPPED,osc_bull_div_mac_break+osc_stoch_bull_cross,trending,OOS
H4,MOEX,2025-05-27 05:00:00,2025-05-29 01:00:00,14783.47,WIN,osc_micro_w_entry+osc_stoch_bull_cross,trending,OOS
H4,MOEX,2025-06-18 09:00:00,2025-06-19 09:00:00,-10324.21,STOPPED,osc_bull_div_mac_break+osc_micro_w_entry,ranging,OOS
H4,MOEX,2025-07-20 09:00:00,2025-07-21 05:00:00,-6991.61,LOSS,osc_bull_div_mac_break+osc_micro_w_entry,trending,OOS
H4,MOEX,2025-09-19 05:00:00,2025-09-22 05:00:00,-16122.58,STOPPED,osc_micro_w_entry+osc_stoch_bull_cross,volatile,OOS
H4,MOEX,2025-10-16 13:00:00,2025-10-19 09:00:00,81644.56,WIN,osc_bull_div_mac_break+osc_micro_w_entry,trending,OOS
H4,MOEX,2026-02-12 09:00:00,2026-02-13 01:00:00,-3201.67,LOSS,osc_bull_div_mac_break+osc_micro_w_entry,trending,OOS
H4,MOEX,2026-04-06 05:00:00,2026-04-07 05:00:00,6562.19,WIN,osc_bull_div_mac_break+osc_micro_w_entry,trending,OOS
H4,MOEX,2026-06-26 09:00:00,2026-06-29 09:00:00,136.98,WIN,osc_micro_w_entry+osc_stoch_bull_cross,trending,OOS
H4,NVTK,2023-11-10 13:00:00,2023-11-14 09:00:00,-21591.74,STOPPED,osc_micro_w_entry+osc_stoch_bull_cross,trending,IS
H4,NVTK,2024-06-14 09:00:00,2024-06-17 05:00:00,689.71,WIN,osc_bull_div_mac_break+osc_micro_w_entry,trending,IS
H4,NVTK,2024-07-18 13:00:00,2024-07-19 09:00:00,19213.97,WIN,osc_bull_div_mac_break+osc_micro_w_entry,trending,IS
H4,NVTK,2024-09-16 05:00:00,2024-09-17 09:00:00,8366.07,WIN,osc_bull_div_mac_break+osc_stoch_bull_cross,ranging,IS
H4,NVTK,2024-09-17 13:00:00,2024-09-18 05:00:00,-8883.33,LOSS,osc_bull_div_mac_break+osc_micro_w_entry,ranging,IS
H4,NVTK,2024-11-02 09:00:00,2024-11-06 13:00:00,37902.03,WIN,osc_micro_w_entry+osc_stoch_bull_cross,trending,IS
H4,NVTK,2024-12-02 05:00:00,2024-12-02 13:00:00,-1843.72,LOSS,osc_bull_div_mac_break+osc_micro_w_entry,trending,IS
H4,NVTK,2025-05-07 09:00:00,2025-05-07 17:00:00,-260.35,WIN,osc_bull_div_mac_break+osc_micro_w_entry,trending,OOS
H4,NVTK,2025-06-13 01:00:00,2025-06-13 05:00:00,-5389.55,LOSS,osc_micro_w_entry+osc_stoch_bull_cross,trending,OOS
H4,NVTK,2025-08-04 09:00:00,2025-08-05 05:00:00,13096.65,WIN,osc_bull_div_mac_break+osc_micro_w_entry,trending,OOS
H4,NVTK,2025-09-16 01:00:00,2025-09-17 09:00:00,-451.82,WIN,osc_micro_w_entry+osc_stoch_bull_cross,trending,OOS
H4,NVTK,2025-12-26 05:00:00,2025-12-27 13:00:00,15636.44,WIN,osc_bull_div_mac_break+osc_micro_w_entry+osc_stoch_bull_cross,trending,OOS
H4,NVTK,2026-02-20 05:00:00,2026-02-21 13:00:00,4864.43,WIN,osc_bull_div_mac_break+osc_micro_w_entry,volatile,OOS
H4,NVTK,2026-04-03 17:00:00,2026-04-06 05:00:00,1957.28,WIN,osc_micro_w_entry+osc_stoch_bull_cross,trending,OOS
H4,NVTK,2026-05-05 09:00:00,2026-05-06 05:00:00,-1922.7,LOSS,osc_bull_div_mac_break+osc_micro_w_entry+osc_stoch_bull_cross,trending,OOS
H4,NVTK,2026-05-28 01:00:00,2026-05-31 05:00:00,-2807.3,LOSS,osc_micro_w_entry+osc_stoch_bull_cross,trending,OOS
H4,NVTK,2026-06-26 09:00:00,2026-06-30 01:00:00,20369.85,WIN,osc_micro_w_entry+osc_stoch_bull_cross,trending,OOS
H4,PLZL,2023-08-28 05:00:00,2023-08-29 05:00:00,5461.31,WIN,osc_bull_div_mac_break+osc_micro_w_entry,ranging,IS
H4,PLZL,2023-09-15 09:00:00,2023-09-18 05:00:00,-3113.54,LOSS,osc_bull_div_mac_break+osc_micro_w_entry,volatile,IS
H4,PLZL,2023-10-06 09:00:00,2023-10-09 05:00:00,17943.44,WIN,osc_bull_div_mac_break+osc_micro_w_entry,ranging,IS
H4,PLZL,2024-03-26 05:00:00,2024-03-29 13:00:00,37168.06,WIN,osc_micro_w_entry+osc_stoch_bull_cross,volatile,IS
H4,PLZL,2025-04-08 05:00:00,2025-04-08 17:00:00,-12037.48,LOSS,osc_bull_div_mac_break+osc_micro_w_entry,trending,OOS
H4,PLZL,2025-07-14 13:00:00,2025-07-15 13:00:00,20151.48,WIN,osc_bull_div_mac_break+osc_micro_w_entry+osc_stoch_bull_cross,trending,OOS
H4,PLZL,2025-07-29 01:00:00,2025-07-29 17:00:00,24014.07,WIN,osc_bull_div_mac_break+osc_stoch_bull_cross,ranging,OOS
H4,PLZL,2025-09-23 09:00:00,2025-09-23 13:00:00,-1209.54,LOSS,osc_bull_div_mac_break+osc_micro_w_entry,ranging,OOS
H4,PLZL,2025-10-29 05:00:00,2025-10-30 05:00:00,24163.41,WIN,osc_micro_w_entry+osc_stoch_bull_cross,trending,OOS
H4,PLZL,2026-02-03 01:00:00,2026-02-04 05:00:00,15713.61,WIN,osc_bull_div_mac_break+osc_micro_w_entry,trending,OOS
H4,ROSN,2023-09-15 13:00:00,2023-09-18 09:00:00,-244.37,WIN,osc_bull_div_mac_break+osc_micro_w_entry,volatile,IS
H4,ROSN,2023-12-15 13:00:00,2023-12-18 13:00:00,9304.13,WIN,osc_bull_div_mac_break+osc_micro_w_entry,trending,IS
H4,ROSN,2024-02-01 05:00:00,2024-02-05 13:00:00,18518.14,WIN,osc_bull_div_mac_break+osc_stoch_bull_cross,ranging,IS
H4,ROSN,2024-08-07 09:00:00,2024-08-08 13:00:00,811.75,WIN,osc_micro_w_entry+osc_stoch_bull_cross,trending,IS
H4,ROSN,2024-11-22 09:00:00,2024-11-26 09:00:00,-33366.92,STOPPED,osc_micro_w_entry+osc_stoch_bull_cross,trending,IS
H4,ROSN,2025-02-06 13:00:00,2025-02-07 09:00:00,2789.69,WIN,osc_bull_div_mac_break+osc_micro_w_entry,trending,OOS
H4,ROSN,2025-02-17 05:00:00,2025-02-24 09:00:00,-22716.74,STOPPED,osc_bull_div_mac_break+osc_stoch_bull_cross,trending,OOS
H4,ROSN,2025-03-10 09:00:00,2025-03-13 09:00:00,-21166.06,STOPPED,osc_micro_w_entry+osc_stoch_bull_cross,trending,OOS
H4,ROSN,2025-03-16 05:00:00,2025-03-17 09:00:00,10152.5,WIN,osc_bull_div_mac_break+osc_micro_w_entry,volatile,OOS
H4,ROSN,2025-07-29 09:00:00,2025-07-30 13:00:00,-4586.48,STOPPED,osc_bull_div_mac_break+osc_stoch_bull_cross,ranging,OOS
H4,ROSN,2025-09-17 17:00:00,2025-09-19 05:00:00,-18513.87,STOPPED,osc_micro_w_entry+osc_stoch_bull_cross,trending,OOS
H4,ROSN,2025-12-26 17:00:00,2025-12-28 05:00:00,-1024.93,LOSS,osc_bull_div_mac_break+osc_micro_w_entry,ranging,OOS
H4,ROSN,2026-01-22 05:00:00,2026-01-22 13:00:00,-4441.87,LOSS,osc_bull_div_mac_break+osc_micro_w_entry,volatile,OOS
H4,ROSN,2026-02-05 05:00:00,2026-02-05 09:00:00,-15352.36,STOPPED,osc_micro_w_entry+osc_stoch_bull_cross,ranging,OOS
H4,ROSN,2026-02-20 09:00:00,2026-02-20 13:00:00,-5059.01,LOSS,osc_bull_div_mac_break+osc_micro_w_entry,volatile,OOS
H4,ROSN,2026-05-18 13:00:00,2026-05-20 05:00:00,-17852.97,STOPPED,osc_bull_div_mac_break+osc_stoch_bull_cross,ranging,OOS
H4,ROSN,2026-05-30 13:00:00,2026-06-02 05:00:00,493.33,WIN,osc_micro_w_entry+osc_stoch_bull_cross,trending,OOS
H4,ROSN,2026-06-26 09:00:00,2026-06-29 01:00:00,-8837.0,LOSS,osc_bull_div_mac_break+osc_micro_w_entry,trending,OOS
H4,SBER,2023-09-18 05:00:00,2023-09-18 09:00:00,-7364.55,LOSS,osc_bull_div_mac_break+osc_micro_w_entry,volatile,IS
H4,SBER,2023-12-28 13:00:00,2024-01-04 05:00:00,10907.99,WIN,osc_bull_div_mac_break+osc_stoch_bull_cross,ranging,IS
H4,SBER,2024-12-18 13:00:00,2024-12-23 09:00:00,148045.66,WIN,osc_bull_div_mac_break+osc_micro_w_entry+osc_stoch_bull_cross,ranging,IS
H4,SBER,2025-04-09 17:00:00,2025-04-10 13:00:00,-12694.62,LOSS,osc_bull_div_mac_break+osc_micro_w_entry,trending,OOS
H4,SBER,2025-05-18 05:00:00,2025-05-19 01:00:00,-4672.46,LOSS,osc_bull_div_mac_break+osc_micro_w_entry,trending,OOS
H4,SBER,2025-08-01 01:00:00,2025-08-05 05:00:00,-2082.89,LOSS,osc_micro_w_entry+osc_stoch_bull_cross,trending,OOS
H4,SBER,2025-09-17 13:00:00,2025-09-18 05:00:00,-4327.64,LOSS,osc_micro_w_entry+osc_stoch_bull_cross,trending,OOS
H4,SBER,2025-11-01 05:00:00,2025-11-05 01:00:00,7067.77,WIN,osc_bull_div_mac_break+osc_stoch_bull_cross,ranging,OOS
H4,SBER,2025-11-19 09:00:00,2025-11-19 17:00:00,3203.48,WIN,osc_bull_div_mac_break+osc_micro_w_entry,trending,OOS
H4,SBER,2026-03-05 09:00:00,2026-03-06 05:00:00,2245.31,WIN,osc_bull_div_mac_break+osc_stoch_bull_cross,trending,OOS
H4,SBER,2026-03-09 01:00:00,2026-03-09 13:00:00,-3094.7,LOSS,osc_bull_div_mac_break+osc_micro_w_entry,trending,OOS
H4,SNGS,2023-09-15 13:00:00,2023-09-19 09:00:00,-38250.05,STOPPED,osc_micro_w_entry+osc_stoch_bull_cross,trending,IS
H4,SNGS,2023-10-30 05:00:00,2023-11-02 13:00:00,-35420.0,STOPPED,osc_bull_div_mac_break+osc_stoch_bull_cross,ranging,IS
H4,SNGS,2024-01-25 09:00:00,2024-02-02 05:00:00,39465.66,WIN,osc_bull_div_mac_break+osc_stoch_bull_cross,ranging,IS
H4,SNGS,2024-11-01 13:00:00,2024-11-05 09:00:00,37779.17,WIN,osc_micro_w_entry+osc_stoch_bull_cross,trending,IS
H4,SNGS,2025-02-17 09:00:00,2025-02-26 09:00:00,-26344.94,STOPPED,osc_bull_div_mac_break+osc_stoch_bull_cross,ranging,OOS
H4,SNGS,2025-03-04 13:00:00,2025-03-06 17:00:00,-24703.56,STOPPED,osc_bull_div_mac_break+osc_micro_w_entry+osc_stoch_bull_cross,trending,OOS
H4,SNGS,2025-07-14 13:00:00,2025-07-15 09:00:00,2638.27,WIN,osc_bull_div_mac_break+osc_micro_w_entry+osc_stoch_bull_cross,volatile,OOS
H4,SNGS,2025-08-05 09:00:00,2025-08-06 05:00:00,-7682.96,LOSS,osc_bull_div_mac_break+osc_micro_w_entry,volatile,OOS
H4,SNGS,2025-11-15 05:00:00,2025-11-19 05:00:00,42756.22,WIN,osc_bull_div_mac_break+osc_stoch_bull_cross,trending,OOS
H4,SNGS,2025-12-30 09:00:00,2026-01-05 05:00:00,-21579.8,STOPPED,osc_micro_w_entry+osc_stoch_bull_cross,trending,OOS
H4,SNGS,2026-03-19 05:00:00,2026-03-19 09:00:00,-12538.76,LOSS,osc_bull_div_mac_break+osc_micro_w_entry,ranging,OOS
H4,SNGS,2026-06-26 09:00:00,2026-06-29 01:00:00,2393.8,WIN,osc_micro_w_entry+osc_stoch_bull_cross,trending,OOS
H4,TATN,2023-10-19 17:00:00,2023-10-24 05:00:00,-13701.57,LOSS,osc_bull_div_mac_break+osc_stoch_bull_cross,ranging,IS
H4,TATN,2023-12-08 17:00:00,2023-12-11 09:00:00,-8628.32,LOSS,osc_bull_div_mac_break+osc_micro_w_entry,ranging,IS
H4,TATN,2024-03-26 09:00:00,2024-04-02 05:00:00,21732.19,WIN,osc_micro_w_entry+osc_stoch_bull_cross,trending,IS
H4,TATN,2024-04-23 05:00:00,2024-05-06 05:00:00,-15328.72,LOSS,osc_bull_div_mac_break+osc_stoch_bull_cross,ranging,IS
H4,TATN,2024-11-02 09:00:00,2024-11-05 13:00:00,14773.15,WIN,osc_micro_w_entry+osc_stoch_bull_cross,trending,IS
H4,TATN,2025-03-04 05:00:00,2025-03-06 05:00:00,-32074.56,STOPPED,osc_micro_w_entry+osc_stoch_bull_cross,volatile,OOS
H4,TATN,2025-06-13 01:00:00,2025-06-15 05:00:00,34392.46,WIN,osc_micro_w_entry+osc_stoch_bull_cross,trending,OOS
H4,TATN,2025-07-14 13:00:00,2025-07-15 09:00:00,-6946.74,LOSS,osc_bull_div_mac_break+osc_micro_w_entry+osc_stoch_bull_cross,trending,OOS
H4,TATN,2025-08-04 01:00:00,2025-08-04 09:00:00,-1356.47,LOSS,osc_bull_div_mac_break+osc_micro_w_entry,trending,OOS
H4,TATN,2025-09-25 05:00:00,2025-09-25 13:00:00,-6242.33,LOSS,osc_bull_div_mac_break+osc_micro_w_entry,trending,OOS
H4,TATN,2025-11-18 05:00:00,2025-11-19 05:00:00,-10837.2,LOSS,osc_bull_div_mac_break+osc_micro_w_entry+osc_stoch_bull_cross,volatile,OOS
H4,TATN,2026-01-15 17:00:00,2026-01-16 01:00:00,-1623.12,LOSS,osc_bull_div_mac_break+osc_micro_w_entry,volatile,OOS
H4,TATN,2026-02-04 05:00:00,2026-02-05 09:00:00,-27744.23,STOPPED,osc_bull_div_mac_break+osc_stoch_bull_cross,ranging,OOS
H4,TATN,2026-04-09 01:00:00,2026-04-10 09:00:00,-27864.95,STOPPED,osc_micro_w_entry+osc_stoch_bull_cross,trending,OOS
H4,TATN,2026-06-03 09:00:00,2026-06-03 13:00:00,-11091.24,LOSS,osc_bull_div_mac_break+osc_micro_w_entry,ranging,OOS
H4,TATN,2026-06-19 05:00:00,2026-06-22 09:00:00,-34045.75,STOPPED,osc_micro_w_entry+osc_stoch_bull_cross,trending,OOS
H4,TATN,2026-06-26 09:00:00,2026-06-29 01:00:00,-10993.72,LOSS,osc_micro_w_entry+osc_stoch_bull_cross,trending,OOS
D1,ALRS,2025-02-10 21:00:00,2025-02-13 21:00:00,43508.58,WIN,osc_bull_div_mac_break+osc_micro_w_entry,volatile,OOS
D1,ALRS,2025-03-01 21:00:00,2025-03-23 21:00:00,-55617.47,STOPPED,osc_bull_div_mac_break+osc_stoch_bull_cross,volatile,OOS
D1,ALRS,2025-07-17 21:00:00,2025-07-23 21:00:00,-4411.54,LOSS,osc_bull_div_mac_break+osc_micro_w_entry,ranging,OOS
D1,ALRS,2026-01-18 21:00:00,2026-01-22 21:00:00,-9424.32,LOSS,osc_bull_div_mac_break+osc_micro_w_entry+osc_stoch_bull_cross,ranging,OOS
D1,CHMF,2023-12-25 21:00:00,2024-01-03 21:00:00,31523.9,WIN,osc_bull_div_mac_break+osc_micro_w_entry,volatile,IS
D1,CHMF,2025-11-29 21:00:00,2025-12-01 21:00:00,-10434.78,LOSS,osc_bull_div_mac_break+osc_micro_w_entry,volatile,OOS
D1,GAZP,2024-04-01 21:00:00,2024-04-14 21:00:00,-5774.86,LOSS,osc_bull_div_mac_break+osc_stoch_bull_cross,ranging,IS
D1,GAZP,2025-10-15 21:00:00,2025-10-19 21:00:00,11724.99,WIN,osc_bull_div_mac_break+osc_micro_w_entry,trending,OOS
D1,LKOH,2024-09-08 21:00:00,2024-09-18 21:00:00,42763.1,WIN,osc_bull_div_mac_break+osc_stoch_bull_cross,trending,IS
D1,LKOH,2025-10-15 21:00:00,2025-10-19 21:00:00,31119.03,WIN,osc_bull_div_mac_break+osc_micro_w_entry+osc_stoch_bull_cross,trending,OOS
D1,MGNT,2025-02-10 21:00:00,2025-02-13 21:00:00,5882.54,WIN,osc_bull_div_mac_break+osc_micro_w_entry,volatile,OOS
D1,MGNT,2025-07-18 21:00:00,2025-07-22 21:00:00,10256.33,WIN,osc_bull_div_mac_break+osc_micro_w_entry,ranging,OOS
D1,MGNT,2025-11-18 21:00:00,2025-12-11 21:00:00,62735.04,WIN,osc_micro_w_entry+osc_stoch_bull_cross,ranging,OOS
D1,MOEX,2025-04-21 21:00:00,2025-04-24 21:00:00,5967.0,WIN,osc_bull_div_mac_break+osc_micro_w_entry,volatile,OOS
D1,MOEX,2025-06-23 21:00:00,2025-06-30 21:00:00,24626.29,WIN,osc_bull_div_mac_break+osc_micro_w_entry,trending,OOS
D1,MOEX,2025-10-19 21:00:00,2025-10-20 21:00:00,-30126.3,LOSS,osc_bull_div_mac_break+osc_micro_w_entry,trending,OOS
D1,MOEX,2026-01-16 21:00:00,2026-01-23 21:00:00,22380.67,WIN,osc_bull_div_mac_break+osc_stoch_bull_cross,ranging,OOS
D1,MOEX,2026-01-26 21:00:00,2026-01-27 21:00:00,-9010.65,LOSS,osc_bull_div_mac_break+osc_micro_w_entry,ranging,OOS
D1,NVTK,2023-09-26 21:00:00,2023-10-03 21:00:00,30226.44,WIN,osc_micro_w_entry+osc_stoch_bull_cross,trending,IS
D1,NVTK,2023-12-04 21:00:00,2023-12-13 21:00:00,-55428.22,STOPPED,osc_micro_w_entry+osc_stoch_bull_cross,trending,IS
D1,NVTK,2025-10-14 21:00:00,2025-10-20 21:00:00,26673.98,WIN,osc_micro_w_entry+osc_stoch_bull_cross,trending,OOS
D1,ROSN,2025-10-15 21:00:00,2025-10-21 21:00:00,-52010.55,STOPPED,osc_bull_div_mac_break+osc_micro_w_entry+osc_stoch_bull_cross,trending,OOS
D1,ROSN,2026-06-01 21:00:00,2026-06-08 21:00:00,-63566.82,STOPPED,osc_micro_w_entry+osc_stoch_bull_cross,trending,OOS
D1,SBER,2025-04-10 21:00:00,2025-04-23 21:00:00,27888.11,WIN,osc_micro_w_entry+osc_stoch_bull_cross,trending,OOS
D1,SBER,2025-10-15 21:00:00,2025-10-20 21:00:00,-25853.01,LOSS,osc_bull_div_mac_break+osc_micro_w_entry+osc_stoch_bull_cross,trending,OOS
D1,SBER,2025-11-02 21:00:00,2025-11-11 21:00:00,2927.83,WIN,osc_bull_div_mac_break+osc_micro_w_entry+osc_stoch_bull_cross,volatile,OOS
D1,SBER,2025-11-18 21:00:00,2025-11-24 21:00:00,5494.76,WIN,osc_bull_div_mac_break+osc_stoch_bull_cross,ranging,OOS
D1,SBER,2026-01-15 21:00:00,2026-01-23 21:00:00,15373.24,WIN,osc_micro_w_entry+osc_stoch_bull_cross,ranging,OOS
D1,SNGS,2025-06-13 21:00:00,2025-06-15 21:00:00,-41659.02,LOSS,osc_bull_div_mac_break+osc_micro_w_entry,volatile,OOS
D1,SNGS,2025-10-15 21:00:00,2025-10-26 21:00:00,-54196.85,STOPPED,osc_micro_w_entry+osc_stoch_bull_cross,trending,OOS
D1,TATN,2026-02-27 21:00:00,2026-03-03 21:00:00,88366.01,WIN,osc_bull_div_mac_break+osc_micro_w_entry+osc_stoch_bull_cross,volatile,OOS
D1,TATN,2026-03-08 21:00:00,2026-03-09 21:00:00,-20060.71,LOSS,osc_bull_div_mac_break+osc_micro_w_entry,trending,OOS
D1,TATN,2026-03-19 21:00:00,2026-03-30 21:00:00,14341.42,WIN,osc_bull_div_mac_break+osc_stoch_bull_cross,trending,OOS
D1,TATN,2026-05-11 21:00:00,2026-05-19 21:00:00,30043.5,WIN,osc_bull_div_mac_break+osc_stoch_bull_cross,volatile,OOS
